<?xml version="1.0"?>
<Project Name = "Safety">
	<System Type                  = "PowerPCIEC"
		Name                  = "Common"
		ScioptaTmpDirectory   = "../../build/generated/"
		MaxModules            = "4"
		MaxIntVec             = "733"
		CPU                   = "MPC57XX_VLE"
		Compiler              = "GNU"
		MaxBufferSizes        = "8"
		MaxConnectors         = "1"
		GlobalFS              = "0"
		InterruptStackSize    = "512"
		KernelStackSize       = ""
		UnifiedIntStack       = "false"
		AsyncTmo              = "true"
		BitsPerHash           = "6"
		TrapInterface         = "true"
		Timeslice             = "false"
		EnableFriends         = "false"
		DebugProcess          = "true"
		DebugMessage          = "true"
		MessageCheck          = "true"
		StatisticProcessState = "true"
		StatisticMessageState = "true"
		StackCheck            = "false"
		ProcessHook           = "true"
		ProcessHookCreate     = "true"
		ProcessHookKill       = "true"
		ProcessHookSwap       = "true"
		IrqProcessHookSwap    = "true"
		ProcessIRQHookSwap    = "true"
		ProcessHookMMU        = "true"
		MessageHook           = "true"
		MessageHookMsgRx      = "true"
		MessageHookMsgTx      = "true"
		PoolHook              = "true"
		PoolHookCreate        = "true"
		PoolHookKill          = "true"
		ErrorHook             = "true"
		DebugCLine            = "true"
		DebugPool             = "true"
		Integrity             = "false"
		StackProtector        = "true"
		UseMMU_TLB            = "false"
		CpmIntLevel           = "4"
		>
		<Module Name = "Common"
			SymbolicCheckBoxStatus = "true"
			LoadModuleCheckBoxStatus = "false"
			SafetyModuleCheckBoxStatus = "true"
			StartAddress  = "system_mod.start"
			MemorySize    = "system_mod.size"
			CodeSize      = "system_mod.initsize"
			Priority      = "0"
			MaxProcesses  = "16"
			MaxPools      = "2">
			<PrioProcess Name = "init"
				FunctionName = "Common_init"
				StackSize = "512"
				ProcessState = "started"
				ProcessMode = "Supervisor"
				Priority = "0"
				FpuState = "false">
			</PrioProcess>
			<Pool Name = "default"
				PoolSize  = "0x2000"
				StartAddress  = "0"
				Number	   = "8"
				Size1	   = "4"
				Size2	   = "8"
				Size3	   = "16"
				Size4	   = "32"
				Size5	   = "64"
				Size6	   = "128"
				Size7	   = "256"
				Size8	   = "512"
				Size9	   = "1024"
				Size10	   = "2048"
				Size11	   = "4096"
				Size12	   = "8192"
				Size13	   = "16384"
				Size14	   = "32768"
				Size15	   = "65536"
				Size16	   = "131072">
			</Pool>
			<IntProcess Name = "SCI_sysTick"
				FunctionName   = "SCI_sysTick"
				StackSize     = "1024"
				InterruptProcessType   = "Sciopta"
				ProcessMode = "Supervisor"
				Vector    = "228"
				FpuState = "false">
			</IntProcess>
			<PrioProcess Name = "sc_procd"
				FunctionName = "sc_procd"
				StackSize = "512"
				ProcessState = "started"
				ProcessMode = "Supervisor"
				Priority = "10"
				FpuState = "false">
			</PrioProcess>
			<PrioProcess Name = "SCP_logd"
				FunctionName = "SCP_logd"
				StackSize = "2048"
				ProcessState = "started"
				ProcessMode = "Supervisor"
				Priority = "16"
				FpuState = "false">
			</PrioProcess>
			<PrioProcess Name = "SCP_devman"
				FunctionName = "SCP_manager"
				StackSize = "1024"
				ProcessState = "started"
				ProcessMode = "Supervisor"
				Priority = "16"
				FpuState = "false">
			</PrioProcess>
		</Module>
		<Module Name = "dev"
			SymbolicCheckBoxStatus = "true"
			LoadModuleCheckBoxStatus = "false"
			SafetyModuleCheckBoxStatus = "false"
			StartAddress  = "dev_mod.start"
			MemorySize    = "dev_mod.size"
			CodeSize      = "dev_mod.initsize"
			Priority      = "0"
			MaxProcesses  = "16"
			MaxPools      = "2">
			<PrioProcess Name = "init"
				FunctionName = "dev_init"
				StackSize = "1024"
				ProcessState = "started"
				ProcessMode = "Supervisor"
				Priority = "0"
				FpuState = "false">
			</PrioProcess>
			<Pool Name = "default"
				PoolSize  = "0x2000"
				StartAddress  = "0"
				Number	   = "8"
				Size1	   = "4"
				Size2	   = "8"
				Size3	   = "16"
				Size4	   = "32"
				Size5	   = "64"
				Size6	   = "128"
				Size7	   = "256"
				Size8	   = "512"
				Size9	   = "1024"
				Size10	   = "2048"
				Size11	   = "4096"
				Size12	   = "8192"
				Size13	   = "16384"
				Size14	   = "32768"
				Size15	   = "65536"
				Size16	   = "131072">
			</Pool>
		</Module>
		<Module Name = "user"
			SymbolicCheckBoxStatus = "true"
			LoadModuleCheckBoxStatus = "false"
			SafetyModuleCheckBoxStatus = "false"
			StartAddress  = "user_mod.start"
			MemorySize    = "user_mod.size"
			CodeSize      = "user_mod.initsize"
			Priority      = "0"
			MaxProcesses  = "16"
			MaxPools      = "2">
			<PrioProcess Name = "init"
				FunctionName = "user_init"
				StackSize = "1024"
				ProcessState = "started"
				ProcessMode = "Supervisor"
				Priority = "0"
				FpuState = "false">
			</PrioProcess>
			<Pool Name = "default"
				PoolSize  = "0x2000"
				StartAddress  = "0"
				Number	   = "8"
				Size1	   = "4"
				Size2	   = "8"
				Size3	   = "16"
				Size4	   = "32"
				Size5	   = "64"
				Size6	   = "128"
				Size7	   = "256"
				Size8	   = "512"
				Size9	   = "1024"
				Size10	   = "2048"
				Size11	   = "4096"
				Size12	   = "8192"
				Size13	   = "16384"
				Size14	   = "32768"
				Size15	   = "65536"
				Size16	   = "131072">
			</Pool>
			<PrioProcess Name = "InitHw"
				FunctionName = "ProcInitHw_Proc"
				StackSize = "1024"
				ProcessState = "started"
				ProcessMode = "Supervisor"
				Priority = "13"
				FpuState = "false">
			</PrioProcess>
		</Module>
	</System>
</Project>
