<?xml version="1.0" encoding="UTF-8"?>
<MF0 version="1.1" packageUris="http://schema.mathworks.com/mf0/sl_modelref_info/R2019b">
  <ModelRefInfoRepo.ModelRefInfoRoot type="ModelRefInfoRepo.ModelRefInfoRoot" uuid="84c562df-6816-4b7b-9c91-b54a18332557">
    <autoSolverStatusFlags>323</autoSolverStatusFlags>
    <childModelRefInfo type="ModelRefInfoRepo.ChildModelRefInfo" uuid="5985419c-0c52-4b8b-b5fc-753e97bc215b">
      <modelName>HandlePesRequest</modelName>
      <modelPath>ScomFunction:HandlePesRequest</modelPath>
    </childModelRefInfo>
    <childModelRefInfo type="ModelRefInfoRepo.ChildModelRefInfo" uuid="97fdb5e5-3513-43c5-92c1-f3f934869313">
      <modelName>HandlePesRequestData</modelName>
      <modelPath>ScomFunction:HandlePesRequest:HandlePesRequestData</modelPath>
    </childModelRefInfo>
    <childModelRefInfo type="ModelRefInfoRepo.ChildModelRefInfo" uuid="d4181305-1b06-4b01-87e9-1fbbb8164947">
      <modelName>HandlePesRequestSecurity</modelName>
      <modelPath>ScomFunction:HandlePesRequest:HandlePesRequestSecurity</modelPath>
    </childModelRefInfo>
    <childModelRefInfo type="ModelRefInfoRepo.ChildModelRefInfo" uuid="28ec86ee-cf0c-4843-806b-3940b5cd7936">
      <modelName>ScomFunction</modelName>
      <modelPath>ScomFunction</modelPath>
    </childModelRefInfo>
    <dataDictionary>ScomDataDictionary.sldd</dataDictionary>
    <dataDictionarySet>ScomDataDictionary.sldd</dataDictionarySet>
    <dataDictionarySetForDataTypeCheck>ScomDataDictionary.sldd</dataDictionarySetForDataTypeCheck>
    <dataTransferInfos>AAFJTQAAAAAOAAAAOAAAAAYAAAAIAAAAAgAAAAAAAAAFAAAACAAAAAAAAAABAAAAAQAAAAAAAAAFAAQAAQAAAAEAAAAAAAAA</dataTransferInfos>
    <defaultsCMapping>{&quot;Inports&quot;:&quot;{\&quot;Name\&quot;:\&quot;Default\&quot;,\&quot;Checksum\&quot;:\&quot;Default\&quot;,\&quot;PerInstancePropertiesChecksum\&quot;:\&quot;\&quot;,\&quot;MemorySectionName\&quot;:\&quot;None\&quot;,\&quot;MemorySectionChecksum\&quot;:\&quot;None\&quot;}&quot;,&quot;Outports&quot;:&quot;{\&quot;Name\&quot;:\&quot;Default\&quot;,\&quot;Checksum\&quot;:\&quot;Default\&quot;,\&quot;PerInstancePropertiesChecksum\&quot;:\&quot;\&quot;,\&quot;MemorySectionName\&quot;:\&quot;None\&quot;,\&quot;MemorySectionChecksum\&quot;:\&quot;None\&quot;}&quot;,&quot;LocalParameters&quot;:&quot;{\&quot;Name\&quot;:\&quot;Default\&quot;,\&quot;Checksum\&quot;:\&quot;Default\&quot;,\&quot;PerInstancePropertiesChecksum\&quot;:\&quot;\&quot;,\&quot;MemorySectionName\&quot;:\&quot;None\&quot;,\&quot;MemorySectionChecksum\&quot;:\&quot;None\&quot;}&quot;,&quot;ParameterArguments&quot;:&quot;{\&quot;Name\&quot;:\&quot;Default\&quot;,\&quot;Checksum\&quot;:\&quot;Default\&quot;,\&quot;PerInstancePropertiesChecksum\&quot;:\&quot;\&quot;,\&quot;MemorySectionName\&quot;:\&quot;None\&quot;,\&quot;MemorySectionChecksum\&quot;:\&quot;None\&quot;}&quot;,&quot;GlobalParameters&quot;:&quot;{\&quot;Name\&quot;:\&quot;Default\&quot;,\&quot;Checksum\&quot;:\&quot;Default\&quot;,\&quot;PerInstancePropertiesChecksum\&quot;:\&quot;\&quot;,\&quot;MemorySectionName\&quot;:\&quot;None\&quot;,\&quot;MemorySectionChecksum\&quot;:\&quot;None\&quot;}&quot;,&quot;SharedLocalDataStores&quot;:&quot;{\&quot;Name\&quot;:\&quot;Default\&quot;,\&quot;Checksum\&quot;:\&quot;Default\&quot;,\&quot;PerInstancePropertiesChecksum\&quot;:\&quot;\&quot;,\&quot;MemorySectionName\&quot;:\&quot;None\&quot;,\&quot;MemorySectionChecksum\&quot;:\&quot;None\&quot;}&quot;,&quot;GlobalDataStores&quot;:&quot;{\&quot;Name\&quot;:\&quot;Default\&quot;,\&quot;Checksum\&quot;:\&quot;Default\&quot;,\&quot;PerInstancePropertiesChecksum\&quot;:\&quot;\&quot;,\&quot;MemorySectionName\&quot;:\&quot;None\&quot;,\&quot;MemorySectionChecksum\&quot;:\&quot;None\&quot;}&quot;,&quot;InternalData&quot;:&quot;{\&quot;Name\&quot;:\&quot;Default\&quot;,\&quot;Checksum\&quot;:\&quot;Default\&quot;,\&quot;PerInstancePropertiesChecksum\&quot;:\&quot;\&quot;,\&quot;MemorySectionName\&quot;:\&quot;None\&quot;,\&quot;MemorySectionChecksum\&quot;:\&quot;None\&quot;}&quot;,&quot;Constants&quot;:&quot;{\&quot;Name\&quot;:\&quot;Default\&quot;,\&quot;Checksum\&quot;:\&quot;Default\&quot;,\&quot;PerInstancePropertiesChecksum\&quot;:\&quot;\&quot;,\&quot;MemorySectionName\&quot;:\&quot;None\&quot;,\&quot;MemorySectionChecksum\&quot;:\&quot;None\&quot;}&quot;,&quot;DataTransfers&quot;:&quot;{\&quot;Name\&quot;:\&quot;Default\&quot;,\&quot;Checksum\&quot;:\&quot;Default\&quot;,\&quot;PerInstancePropertiesChecksum\&quot;:\&quot;\&quot;,\&quot;MemorySectionName\&quot;:\&quot;None\&quot;,\&quot;MemorySectionChecksum\&quot;:\&quot;None\&quot;}&quot;,&quot;ModelData&quot;:&quot;{\&quot;Name\&quot;:\&quot;Default\&quot;,\&quot;Checksum\&quot;:\&quot;Default\&quot;,\&quot;PerInstancePropertiesChecksum\&quot;:\&quot;\&quot;,\&quot;MemorySectionName\&quot;:\&quot;None\&quot;,\&quot;MemorySectionChecksum\&quot;:\&quot;None\&quot;}&quot;,&quot;InitializeTerminate&quot;:&quot;{\&quot;Name\&quot;:\&quot;Default\&quot;,\&quot;Checksum\&quot;:\&quot;Default\&quot;,\&quot;PerInstancePropertiesChecksum\&quot;:\&quot;\&quot;,\&quot;MemorySectionName\&quot;:\&quot;None\&quot;,\&quot;MemorySectionChecksum\&quot;:\&quot;None\&quot;}&quot;,&quot;Execution&quot;:&quot;{\&quot;Name\&quot;:\&quot;Default\&quot;,\&quot;Checksum\&quot;:\&quot;Default\&quot;,\&quot;PerInstancePropertiesChecksum\&quot;:\&quot;\&quot;,\&quot;MemorySectionName\&quot;:\&quot;None\&quot;,\&quot;MemorySectionChecksum\&quot;:\&quot;None\&quot;}&quot;,&quot;SharedUtility&quot;:&quot;{\&quot;Name\&quot;:\&quot;Default\&quot;,\&quot;Checksum\&quot;:\&quot;Default\&quot;,\&quot;PerInstancePropertiesChecksum\&quot;:\&quot;\&quot;,\&quot;MemorySectionName\&quot;:\&quot;None\&quot;,\&quot;MemorySectionChecksum\&quot;:\&quot;None\&quot;}&quot;}</defaultsCMapping>
    <fundamentalSampleTimePeriod>0.0094999999999999998</fundamentalSampleTimePeriod>
    <globalVariables>#NvmFloorConfiguration_B#NvmDataTypes.sldd#</globalVariables>
    <globalVariables>#NvmGlobalCfg_B#NvmDataTypes.sldd#</globalVariables>
    <globalVariables>#NvmGlobalFactoryCfgCertificate_B#NvmDataTypes.sldd#</globalVariables>
    <globalVariables>#NvmGlobalFactoryCfgFactory_B#NvmDataTypes.sldd#</globalVariables>
    <globalVariables>#NvmGlobalFactoryCfgParameter_B#NvmDataTypes.sldd#</globalVariables>
    <globalVariables>#NvmGlobalFactoryCfg_B#NvmDataTypes.sldd#</globalVariables>
    <globalVariables>#NvmGlobal_B#NvmDataTypes.sldd#</globalVariables>
    <globalVariables>#NvmSystemFloorTable_B#NvmDataTypes.sldd#</globalVariables>
    <globalVariables>#NvmTableStatus_B#NvmDataTypes.sldd#</globalVariables>
    <globalVariables>#OtpWritePcbManufacturingDateReply_B#ScomDataDictionary.sldd#</globalVariables>
    <globalVariables>#OtpWritePcbManufacturingDate_B#ScomDataDictionary.sldd#</globalVariables>
    <globalVariables>#PcbInfo_B#ScomDataDictionary.sldd#</globalVariables>
    <globalVariables>#PcbManufacturingDate_B#ScomDataDictionary.sldd#</globalVariables>
    <globalVariables>#PesDataReceived_C#CanDataDictionary.sldd#</globalVariables>
    <globalVariables>#PesDataSetPcbManufacturingDateReceived_B#ScomDataDictionary.sldd#</globalVariables>
    <globalVariables>#PesData_C#CanDataDictionary.sldd#</globalVariables>
    <globalVariables>#PesRequestNew_C#CanDataDictionary.sldd#</globalVariables>
    <globalVariables>#SP_PesDataExaminationCertificateLength#ScomDataDictionary.sldd#</globalVariables>
    <globalVariables>#SP_PesDataMissionTimeLength#ScomDataDictionary.sldd#</globalVariables>
    <globalVariables>#SP_PesDataPayloadLength#ScomDataDictionary.sldd#</globalVariables>
    <globalVariables>#SP_PesDataPcbManufacturerLength#ScomDataDictionary.sldd#</globalVariables>
    <globalVariables>#SP_PesDataPcbManufacturingDateLength#ScomDataDictionary.sldd#</globalVariables>
    <globalVariables>#SP_PesDataPcbPartNumberLength#ScomDataDictionary.sldd#</globalVariables>
    <globalVariables>#SP_PesDataSafetySystemTypeLength#ScomDataDictionary.sldd#</globalVariables>
    <globalVariables>#SP_PesDataSetPcbManufacturingDateStatusLength#CanDataDictionary.sldd#</globalVariables>
    <globalVariables>#SP_PesDataSystemManufacturerLength#ScomDataDictionary.sldd#</globalVariables>
    <globalVariables>#SP_PesData_TimeoutHeader_1p0ms#CanDataDictionary.sldd#</globalVariables>
    <globalVariables>#SP_PesData_TimeoutPayload_1p0ms#CanDataDictionary.sldd#</globalVariables>
    <globalVariables>#SP_ScomFunctionPeriod#ScomDataDictionary.sldd#</globalVariables>
    <globalVariables>#SP_SetPcbManufacturingDate_TimeoutWrite_1p0ms#ScomDataDictionary.sldd#</globalVariables>
    <globalVariables>#ScomCanInputs_B#ScomDataDictionary.sldd#</globalVariables>
    <globalVariables>#ScomCanOutputs_B#ScomDataDictionary.sldd#</globalVariables>
    <globalVariables>#ScomConfiguration#ScomDataDictionary.sldd#</globalVariables>
    <globalVariables>#ScomHandleCanMessagesCommand_B#ScomDataDictionary.sldd#</globalVariables>
    <globalVariables>#ScomHandledCanMessages_B#ScomDataDictionary.sldd#</globalVariables>
    <globalVariables>#ScomMsgInputs_B#ScomDataDictionary.sldd#</globalVariables>
    <globalVariables>#ScomMsgOutputs_B#ScomDataDictionary.sldd#</globalVariables>
    <globalVariables>#SecurityRequestCryptoChipConfigure_B#ScomDataDictionary.sldd#</globalVariables>
    <globalVariables>#SecurityRequestCryptoChipCreateKey_B#ScomDataDictionary.sldd#</globalVariables>
    <globalVariables>#SecurityRequestCryptoChipLockConfig_B#ScomDataDictionary.sldd#</globalVariables>
    <globalVariables>#SecurityRequestOtpActivate_B#ScomDataDictionary.sldd#</globalVariables>
    <globalVariables>#SimParam_TimeBaseUs#PessralPesDataDictionary.sldd#</globalVariables>
    <globalVariables>#Timebase_t#LibraryDataDictionary.sldd#</globalVariables>
    <globalVariables>#bool_t#PessralDataDictionary.sldd#</globalVariables>
    <hasBlockWithPeriodicDiscreteSampleTime>true</hasBlockWithPeriodicDiscreteSampleTime>
    <hasNonVirtualConstantTs>true</hasNonVirtualConstantTs>
    <hasStatesModifiedInOutputUpdate>true</hasStatesModifiedInOutputUpdate>
    <inports type="ModelRefInfoRepo.InportInformation" uuid="9f04b769-2180-483b-907c-150fda9b5989">
      <isNotDerivPort>true</isNotDerivPort>
      <RTWSignalIdentifier>IsPeriodicCall</RTWSignalIdentifier>
      <designMax>inf</designMax>
      <designMin>-inf</designMin>
      <indexType>2</indexType>
      <rateInfo type="ModelRefInfoRepo.RateInfo">
        <compiled>true</compiled>
        <nonFcnCallPartitionName>D1</nonFcnCallPartitionName>
        <period>0.0094999999999999998</period>
        <priority>40</priority>
        <rateIdx>0</rateIdx>
      </rateInfo>
      <resolvedSignalObject></resolvedSignalObject>
      <sigNameToEMVCEMap type="ModelRefInfoRepo.SigNameEMVCEInfo" uuid="c7d8f2aa-f131-432e-a8d2-b7ac92c256cb"/>
    </inports>
    <inports type="ModelRefInfoRepo.InportInformation" uuid="120c9b71-9c35-46f4-9582-4dfaebd74e2d">
      <isNotDerivPort>true</isNotDerivPort>
      <RTWSignalIdentifier>ScomCanInputs</RTWSignalIdentifier>
      <designMax>inf</designMax>
      <designMin>-inf</designMin>
      <indexType>2</indexType>
      <originalPortNumber>1</originalPortNumber>
      <rateInfo type="ModelRefInfoRepo.RateInfo">
        <compiled>true</compiled>
        <nonFcnCallPartitionName>D1</nonFcnCallPartitionName>
        <period>0.0094999999999999998</period>
        <priority>40</priority>
        <rateIdx>0</rateIdx>
      </rateInfo>
      <resolvedSignalObject></resolvedSignalObject>
      <sigNameToEMVCEMap type="ModelRefInfoRepo.SigNameEMVCEInfo" uuid="618adefe-78bf-4297-b721-fc128cc00af5"/>
    </inports>
    <inports type="ModelRefInfoRepo.InportInformation" uuid="2215e256-68c6-40a8-8dac-15e9d9f7d6d7">
      <isNotDerivPort>true</isNotDerivPort>
      <RTWSignalIdentifier>ScomHost</RTWSignalIdentifier>
      <designMax>inf</designMax>
      <designMin>-inf</designMin>
      <indexType>2</indexType>
      <originalPortNumber>2</originalPortNumber>
      <rateInfo type="ModelRefInfoRepo.RateInfo">
        <compiled>true</compiled>
        <nonFcnCallPartitionName>D1</nonFcnCallPartitionName>
        <period>0.0094999999999999998</period>
        <priority>40</priority>
        <rateIdx>0</rateIdx>
      </rateInfo>
      <resolvedSignalObject></resolvedSignalObject>
      <sigNameToEMVCEMap type="ModelRefInfoRepo.SigNameEMVCEInfo" uuid="a65a5122-12f4-4255-b651-4120305df8e3"/>
    </inports>
    <inports type="ModelRefInfoRepo.InportInformation" uuid="c6b9ef25-4601-496b-9753-9422816681d9">
      <isNotDerivPort>true</isNotDerivPort>
      <RTWSignalIdentifier>PcbInfo</RTWSignalIdentifier>
      <designMax>inf</designMax>
      <designMin>-inf</designMin>
      <indexType>2</indexType>
      <originalPortNumber>3</originalPortNumber>
      <rateInfo type="ModelRefInfoRepo.RateInfo">
        <compiled>true</compiled>
        <nonFcnCallPartitionName>D1</nonFcnCallPartitionName>
        <period>0.0094999999999999998</period>
        <priority>40</priority>
        <rateIdx>0</rateIdx>
      </rateInfo>
      <resolvedSignalObject></resolvedSignalObject>
      <sigNameToEMVCEMap type="ModelRefInfoRepo.SigNameEMVCEInfo" uuid="96295ec2-74cc-4f39-aa93-eca4c23171db"/>
    </inports>
    <inports type="ModelRefInfoRepo.InportInformation" uuid="a4e0646f-fffe-4530-b5a8-ea04c22e74c4">
      <isNotDerivPort>true</isNotDerivPort>
      <RTWSignalIdentifier>NvmGlobalIn</RTWSignalIdentifier>
      <designMax>inf</designMax>
      <designMin>-inf</designMin>
      <indexType>2</indexType>
      <originalPortNumber>4</originalPortNumber>
      <rateInfo type="ModelRefInfoRepo.RateInfo">
        <compiled>true</compiled>
        <nonFcnCallPartitionName>D1</nonFcnCallPartitionName>
        <period>0.0094999999999999998</period>
        <priority>40</priority>
        <rateIdx>0</rateIdx>
      </rateInfo>
      <resolvedSignalObject></resolvedSignalObject>
      <sigNameToEMVCEMap type="ModelRefInfoRepo.SigNameEMVCEInfo" uuid="87dc93e7-241c-4c48-b174-93311eb88ed4"/>
    </inports>
    <inports type="ModelRefInfoRepo.InportInformation" uuid="6e407210-8de1-4fc0-b5b4-e87666100ca8">
      <isNotDerivPort>true</isNotDerivPort>
      <RTWSignalIdentifier>ScomMsgInputs</RTWSignalIdentifier>
      <designMax>inf</designMax>
      <designMin>-inf</designMin>
      <indexType>2</indexType>
      <originalPortNumber>5</originalPortNumber>
      <rateInfo type="ModelRefInfoRepo.RateInfo">
        <compiled>true</compiled>
        <nonFcnCallPartitionName>D1</nonFcnCallPartitionName>
        <period>0.0094999999999999998</period>
        <priority>40</priority>
        <rateIdx>0</rateIdx>
      </rateInfo>
      <resolvedSignalObject></resolvedSignalObject>
      <sigNameToEMVCEMap type="ModelRefInfoRepo.SigNameEMVCEInfo" uuid="6cdf25bb-36da-4a61-b5bf-81d7014d9c26"/>
    </inports>
    <inports type="ModelRefInfoRepo.InportInformation" uuid="5d30be9c-986b-4ca2-b3f3-92aa1ea2e685">
      <isNotDerivPort>true</isNotDerivPort>
      <RTWSignalIdentifier>Timebase</RTWSignalIdentifier>
      <designMax>inf</designMax>
      <designMin>-inf</designMin>
      <indexType>2</indexType>
      <originalPortNumber>6</originalPortNumber>
      <rateInfo type="ModelRefInfoRepo.RateInfo">
        <compiled>true</compiled>
        <nonFcnCallPartitionName>D1</nonFcnCallPartitionName>
        <period>0.0094999999999999998</period>
        <priority>40</priority>
        <rateIdx>0</rateIdx>
      </rateInfo>
      <resolvedSignalObject></resolvedSignalObject>
      <sigNameToEMVCEMap type="ModelRefInfoRepo.SigNameEMVCEInfo" uuid="1f64b234-17c9-4a03-a67e-31efaaf96546"/>
    </inports>
    <isInlineParamsOn>true</isInlineParamsOn>
    <isOrigInportVirtualBus>false</isOrigInportVirtualBus>
    <isOrigInportVirtualBus>false</isOrigInportVirtualBus>
    <isOrigInportVirtualBus>false</isOrigInportVirtualBus>
    <isOrigInportVirtualBus>false</isOrigInportVirtualBus>
    <isOrigInportVirtualBus>false</isOrigInportVirtualBus>
    <isOrigInportVirtualBus>false</isOrigInportVirtualBus>
    <isOrigInportVirtualBus>false</isOrigInportVirtualBus>
    <isOrigOutportVirtualBus>false</isOrigOutportVirtualBus>
    <isOrigOutportVirtualBus>false</isOrigOutportVirtualBus>
    <isOrigOutportVirtualBus>false</isOrigOutportVirtualBus>
    <loggingSaveFormat>2</loggingSaveFormat>
    <maxFreqHz>-1</maxFreqHz>
    <origInportBusType></origInportBusType>
    <origInportBusType></origInportBusType>
    <origInportBusType></origInportBusType>
    <origInportBusType></origInportBusType>
    <origInportBusType></origInportBusType>
    <origInportBusType></origInportBusType>
    <origInportBusType></origInportBusType>
    <origOutportBusOutputAsStruct>true</origOutportBusOutputAsStruct>
    <origOutportBusOutputAsStruct>true</origOutportBusOutputAsStruct>
    <origOutportBusOutputAsStruct>true</origOutportBusOutputAsStruct>
    <origOutportBusType>ScomMsgOutputs_B</origOutportBusType>
    <origOutportBusType>ScomCanOutputs_B</origOutportBusType>
    <origOutportBusType>NvmGlobal_B</origOutportBusType>
    <outports type="ModelRefInfoRepo.OutportInformation" uuid="5b9af6fe-e5d1-4fd7-aa39-e1c1eaae685c">
      <hasSystemInitMethod>true</hasSystemInitMethod>
      <designMax>inf</designMax>
      <designMin>-inf</designMin>
      <rateInfo type="ModelRefInfoRepo.RateInfo">
        <compiled>true</compiled>
        <nonFcnCallPartitionName>D1</nonFcnCallPartitionName>
        <period>0.0094999999999999998</period>
        <priority>40</priority>
        <rateIdx>0</rateIdx>
      </rateInfo>
      <resolvedSignalObject></resolvedSignalObject>
      <sigNameToEMVCEMap type="ModelRefInfoRepo.SigNameEMVCEInfo" uuid="72d7e64d-1f67-4be7-97fe-c0f50cad85ac"/>
    </outports>
    <outports type="ModelRefInfoRepo.OutportInformation" uuid="f77b1233-d9ba-4005-a21b-fa508eb02f10">
      <hasSystemInitMethod>true</hasSystemInitMethod>
      <designMax>inf</designMax>
      <designMin>-inf</designMin>
      <originalPortNumber>1</originalPortNumber>
      <rateInfo type="ModelRefInfoRepo.RateInfo">
        <compiled>true</compiled>
        <nonFcnCallPartitionName>D1</nonFcnCallPartitionName>
        <period>0.0094999999999999998</period>
        <priority>40</priority>
        <rateIdx>0</rateIdx>
      </rateInfo>
      <resolvedSignalObject></resolvedSignalObject>
      <sigNameToEMVCEMap type="ModelRefInfoRepo.SigNameEMVCEInfo" uuid="131e99da-df18-4fcc-8758-a7c2dc856201"/>
    </outports>
    <outports type="ModelRefInfoRepo.OutportInformation" uuid="349e0c1a-c5e5-4605-86e1-ed8544b90880">
      <designMax>inf</designMax>
      <designMin>-inf</designMin>
      <originalPortNumber>2</originalPortNumber>
      <rateInfo type="ModelRefInfoRepo.RateInfo">
        <compiled>true</compiled>
        <nonFcnCallPartitionName>D1</nonFcnCallPartitionName>
        <period>0.0094999999999999998</period>
        <priority>40</priority>
        <rateIdx>0</rateIdx>
      </rateInfo>
      <resolvedSignalObject></resolvedSignalObject>
      <sigNameToEMVCEMap type="ModelRefInfoRepo.SigNameEMVCEInfo" uuid="f1204388-36e5-48d0-9dfb-290b1d13bd4a"/>
    </outports>
    <removeResetFunc>true</removeResetFunc>
    <runtimeNonFcnCallRateInfos type="ModelRefInfoRepo.RateInfo">
      <compiled>true</compiled>
      <nonFcnCallPartitionName>D1</nonFcnCallPartitionName>
      <period>0.0094999999999999998</period>
      <priority>40</priority>
      <rateIdx>0</rateIdx>
    </runtimeNonFcnCallRateInfos>
    <sampleTimeInheritanceRule>2</sampleTimeInheritanceRule>
    <timingAndTaskingRegistry>&lt;?xml version=&quot;1.0&quot;?&gt;
&lt;slexec_sto version=&quot;1.1&quot; packageUris=&quot;http://schema.mathworks.com/mf0/slexec_mm_sto/R2019b_201902271317&quot;&gt;
  &lt;sto.Registry type=&quot;sto.Registry&quot; uuid=&quot;eb6825b5-6cee-4217-831c-72556a595ee7&quot;&gt;
    &lt;clocks type=&quot;sto.Timer&quot; uuid=&quot;a8965b61-8f7b-4687-b2e2-7204d2593799&quot;&gt;
      &lt;needsToProvideTimeDuringExecution&gt;true&lt;/needsToProvideTimeDuringExecution&gt;
      &lt;clockTickConstraint&gt;PeriodicWithFixedResolution&lt;/clockTickConstraint&gt;
      &lt;resolution&gt;0.0094999999999999998&lt;/resolution&gt;
      &lt;timeAdvanceMode&gt;FixedStep&lt;/timeAdvanceMode&gt;
      &lt;clockDomain type=&quot;sto.ClockDomain&quot; uuid=&quot;a6b8d7e5-ae9e-4125-b2a1-ec24a8620415&quot;&gt;
        &lt;baseTaskID&gt;_task0&lt;/baseTaskID&gt;
        &lt;computedFundamentalStepSize&gt;0.0094999999999999998&lt;/computedFundamentalStepSize&gt;
        &lt;rates type=&quot;sto.Rate&quot; uuid=&quot;acb4b6bd-e5cf-4204-9c4b-38405033f9d5&quot;/&gt;
        &lt;rates type=&quot;sto.Rate&quot; uuid=&quot;3dca0c15-8712-46ed-b503-268ef120824c&quot;/&gt;
        &lt;rootTaskHierarchyElements type=&quot;sto.Task&quot; uuid=&quot;8314e28d-b83d-4b95-afa8-53c0bb29a112&quot;&gt;
          &lt;isExecutable&gt;true&lt;/isExecutable&gt;
          &lt;orderIndex&gt;1&lt;/orderIndex&gt;
          &lt;rates type=&quot;sto.Rate&quot; uuid=&quot;acb4b6bd-e5cf-4204-9c4b-38405033f9d5&quot;&gt;
            &lt;annotation&gt;FiM&lt;/annotation&gt;
            &lt;colorIndex&gt;8&lt;/colorIndex&gt;
            &lt;description&gt;Fixed in Minor Step&lt;/description&gt;
            &lt;eventSourceType&gt;UNSPECIFIED_EVENT_SOURCE&lt;/eventSourceType&gt;
            &lt;rateIDX&gt;-1&lt;/rateIDX&gt;
            &lt;registry type=&quot;sto.Registry&quot; uuid=&quot;eb6825b5-6cee-4217-831c-72556a595ee7&quot;/&gt;
            &lt;taskId&gt;_task0&lt;/taskId&gt;
            &lt;useForExecution&gt;NotForExecution&lt;/useForExecution&gt;
            &lt;rateSpec type=&quot;sto.RateSpec&quot; uuid=&quot;105fdcaf-f2a3-4e5b-be76-cb0401212412&quot;&gt;
              &lt;offset&gt;1&lt;/offset&gt;
              &lt;rateType&gt;ZOHContinuous&lt;/rateType&gt;
            &lt;/rateSpec&gt;
          &lt;/rates&gt;
          &lt;rates type=&quot;sto.Rate&quot; uuid=&quot;3dca0c15-8712-46ed-b503-268ef120824c&quot;&gt;
            &lt;annotation&gt;D1&lt;/annotation&gt;
            &lt;colorIndex&gt;2&lt;/colorIndex&gt;
            &lt;description&gt;Discrete 1&lt;/description&gt;
            &lt;eventSourceType&gt;UNSPECIFIED_EVENT_SOURCE&lt;/eventSourceType&gt;
            &lt;registry type=&quot;sto.Registry&quot; uuid=&quot;eb6825b5-6cee-4217-831c-72556a595ee7&quot;/&gt;
            &lt;taskId&gt;_task0&lt;/taskId&gt;
            &lt;rateSpec type=&quot;sto.RateSpec&quot; uuid=&quot;b79a1855-5177-4f37-ac4d-2db6659fa577&quot;&gt;
              &lt;period&gt;0.0094999999999999998&lt;/period&gt;
              &lt;rateType&gt;ClassicPeriodicDiscrete&lt;/rateType&gt;
            &lt;/rateSpec&gt;
          &lt;/rates&gt;
          &lt;elementType&gt;Task&lt;/elementType&gt;
          &lt;identifier&gt;_task0&lt;/identifier&gt;
          &lt;priority&gt;40&lt;/priority&gt;
        &lt;/rootTaskHierarchyElements&gt;
      &lt;/clockDomain&gt;
    &lt;/clocks&gt;
    &lt;clocks type=&quot;sto.Event&quot; uuid=&quot;7c03a446-8bdd-4ab2-ad1b-1c6ecf5e9f63&quot;&gt;
      &lt;eventType&gt;PARAMETER_CHANGE_EVENT&lt;/eventType&gt;
      &lt;cNum&gt;1&lt;/cNum&gt;
      &lt;clockType&gt;Event&lt;/clockType&gt;
      &lt;identifier&gt;ParameterChangeEvent&lt;/identifier&gt;
      &lt;resolution&gt;-1&lt;/resolution&gt;
      &lt;specifiedTaskingMode&gt;ExplicitTasking&lt;/specifiedTaskingMode&gt;
      &lt;timeAdvanceMode&gt;None&lt;/timeAdvanceMode&gt;
      &lt;clockDomain type=&quot;sto.ClockDomain&quot; uuid=&quot;1026a39a-c110-4fac-988e-86cc10c00ef2&quot;&gt;
        &lt;computedFundamentalStepSize&gt;-1&lt;/computedFundamentalStepSize&gt;
        &lt;rates type=&quot;sto.Rate&quot; uuid=&quot;9bb4980d-9bf4-4e23-901b-79bf6dd252f3&quot;/&gt;
        &lt;rootTaskHierarchyElements type=&quot;sto.Task&quot; uuid=&quot;5e8cbfa7-2710-41c0-861e-13bc763a7d62&quot;&gt;
          &lt;isExplicit&gt;true&lt;/isExplicit&gt;
          &lt;rates type=&quot;sto.Rate&quot; uuid=&quot;9bb4980d-9bf4-4e23-901b-79bf6dd252f3&quot;&gt;
            &lt;eventSourceType&gt;PARAMETER_CHANGE_EVENT&lt;/eventSourceType&gt;
            &lt;rateIDX&gt;-1&lt;/rateIDX&gt;
            &lt;registry type=&quot;sto.Registry&quot; uuid=&quot;eb6825b5-6cee-4217-831c-72556a595ee7&quot;/&gt;
            &lt;stringID&gt;ParameterChangeEvent&lt;/stringID&gt;
            &lt;taskId&gt;ModelWideParameterChangeEvent&lt;/taskId&gt;
            &lt;useForExecution&gt;NotForExecution&lt;/useForExecution&gt;
            &lt;rateSpec type=&quot;sto.RateSpec&quot; uuid=&quot;299388fb-8724-4310-a3f4-22f22dd2efb9&quot;&gt;
              &lt;period&gt;inf&lt;/period&gt;
              &lt;rateType&gt;ModelWideParameterChangeEvent&lt;/rateType&gt;
            &lt;/rateSpec&gt;
          &lt;/rates&gt;
          &lt;tNum&gt;1&lt;/tNum&gt;
          &lt;elementType&gt;Task&lt;/elementType&gt;
          &lt;identifier&gt;ModelWideParameterChangeEvent&lt;/identifier&gt;
          &lt;priority&gt;-1&lt;/priority&gt;
          &lt;schedulingClockID&gt;ParameterChangeEvent&lt;/schedulingClockID&gt;
        &lt;/rootTaskHierarchyElements&gt;
      &lt;/clockDomain&gt;
    &lt;/clocks&gt;
    &lt;clocks type=&quot;sto.Event&quot; uuid=&quot;f711fa68-24b5-4d6a-b068-fd991444e89f&quot;&gt;
      &lt;eventType&gt;UNSPECIFIED_EVENT_SOURCE&lt;/eventType&gt;
      &lt;cNum&gt;2&lt;/cNum&gt;
      &lt;clockType&gt;Event&lt;/clockType&gt;
      &lt;identifier&gt;NonTunableParameterChangeEvent&lt;/identifier&gt;
      &lt;resolution&gt;-1&lt;/resolution&gt;
      &lt;specifiedTaskingMode&gt;ExplicitTasking&lt;/specifiedTaskingMode&gt;
      &lt;timeAdvanceMode&gt;None&lt;/timeAdvanceMode&gt;
      &lt;clockDomain type=&quot;sto.ClockDomain&quot; uuid=&quot;c56ff4d8-1867-4a59-b51c-010bde1d5415&quot;&gt;
        &lt;computedFundamentalStepSize&gt;-1&lt;/computedFundamentalStepSize&gt;
      &lt;/clockDomain&gt;
    &lt;/clocks&gt;
    &lt;executionSpec&gt;Undetermined&lt;/executionSpec&gt;
    &lt;hasUnknownEdges&gt;true&lt;/hasUnknownEdges&gt;
    &lt;taskDependencyGraph type=&quot;sto.SerializedTaskConnectionList&quot; uuid=&quot;e7f091b6-8c28-426e-93f2-a2c00a4c7680&quot;&gt;
      &lt;taskIdentifier&gt;_task0&lt;/taskIdentifier&gt;
    &lt;/taskDependencyGraph&gt;
    &lt;taskDependencyGraph type=&quot;sto.SerializedTaskConnectionList&quot; uuid=&quot;71ee1126-93b4-4fb3-9317-4c1901e77098&quot;&gt;
      &lt;clockIdentifier&gt;ParameterChangeEvent&lt;/clockIdentifier&gt;
      &lt;taskIdentifier&gt;ModelWideParameterChangeEvent&lt;/taskIdentifier&gt;
    &lt;/taskDependencyGraph&gt;
    &lt;taskPriorityDirection&gt;HighNumberLast&lt;/taskPriorityDirection&gt;
    &lt;tasks type=&quot;sto.Task&quot; uuid=&quot;8314e28d-b83d-4b95-afa8-53c0bb29a112&quot;/&gt;
    &lt;tasks type=&quot;sto.Task&quot; uuid=&quot;5e8cbfa7-2710-41c0-861e-13bc763a7d62&quot;/&gt;
    &lt;timeAdvanceMode&gt;FixedStep&lt;/timeAdvanceMode&gt;
  &lt;/sto.Registry&gt;
&lt;/slexec_sto&gt;</timingAndTaskingRegistry>
    <zeroInternalMemoryAtStartupUnchecked>true</zeroInternalMemoryAtStartupUnchecked>
    <FMUBlockMap type="ModelRefInfoRepo.FMUBlockInfo" uuid="4da78469-0973-45f1-9dc0-918d030640c7"/>
    <codeGenInfo type="ModelRefInfoRepo.CodeGenInformation" uuid="0fe8c7b5-f7ad-41bf-9695-a86953acd802"/>
    <configSettingsForConsistencyChecks type="ModelRefInfoRepo.ConfigSettingsForConsistencyChecks" uuid="6439fe8d-3ef1-4ce8-8a2f-bfee6fb2c024">
      <consistentOutportInitialization>true</consistentOutportInitialization>
      <fixedStepSize>0.0094999999999999998</fixedStepSize>
      <frameDiagnosticSetting>2</frameDiagnosticSetting>
      <hasHybridSampleTime>true</hasHybridSampleTime>
      <optimizedInitCode>true</optimizedInitCode>
      <signalLoggingSaveFormat>2</signalLoggingSaveFormat>
      <solverName>FixedStepDiscrete</solverName>
      <solverType>SOLVER_TYPE_FIXEDSTEP</solverType>
      <useDivForNetSlopComp>2</useDivForNetSlopComp>
      <hardwareSettings type="ModelRefInfoRepo.HardwareSettings" uuid="ad454594-d4ef-4797-8f57-8e94fdf27a4c">
        <prodBitPerChar>8</prodBitPerChar>
        <prodBitPerDouble>64</prodBitPerDouble>
        <prodBitPerFloat>32</prodBitPerFloat>
        <prodBitPerInt>32</prodBitPerInt>
        <prodBitPerLong>32</prodBitPerLong>
        <prodBitPerLongLong>64</prodBitPerLongLong>
        <prodBitPerPointer>32</prodBitPerPointer>
        <prodBitPerPtrDiffT>32</prodBitPerPtrDiffT>
        <prodBitPerShort>16</prodBitPerShort>
        <prodBitPerSizeT>32</prodBitPerSizeT>
        <prodEndianess>2</prodEndianess>
        <prodLargestAtomicFloat>1</prodLargestAtomicFloat>
        <prodLargestAtomicInteger>3</prodLargestAtomicInteger>
        <prodLongLongMode>true</prodLongLongMode>
        <prodShiftRight>true</prodShiftRight>
        <prodWordSize>32</prodWordSize>
      </hardwareSettings>
    </configSettingsForConsistencyChecks>
    <dataPortGroup type="ModelRefInfoRepo.DataPortGroup" uuid="27ca0360-8c99-4b4d-9bbc-94a20ab081c9">
      <dataInputPorts>0</dataInputPorts>
      <dataInputPorts>1</dataInputPorts>
      <dataInputPorts>2</dataInputPorts>
      <dataInputPorts>3</dataInputPorts>
      <dataInputPorts>4</dataInputPorts>
      <dataInputPorts>5</dataInputPorts>
      <dataInputPorts>6</dataInputPorts>
      <dataOutputPorts>0</dataOutputPorts>
      <dataOutputPorts>1</dataOutputPorts>
      <dataOutputPorts>2</dataOutputPorts>
    </dataPortGroup>
    <interfaceParameterInfo type="ModelRefInfoRepo.InterfaceParameterInfo" uuid="b8fde208-3d72-4d70-bae9-49b239959f72"/>
    <messageInfo type="ModelRefInfoRepo.MessageInformation" uuid="9a772416-b851-40d0-ae16-fd3b26db1f9d"/>
    <methodInfo type="ModelRefInfoRepo.MethodExistenceInfo" uuid="e013e9bf-aa63-4bec-8c5a-5907162b2264">
      <hasSystemInitializeMethod>true</hasSystemInitializeMethod>
      <hasSystemResetMethod>true</hasSystemResetMethod>
      <hasTerminateMethod>true</hasTerminateMethod>
      <hasUpdateMethod>true</hasUpdateMethod>
    </methodInfo>
    <periodicEventPortUnsupportedBlockInfo type="ModelRefInfoRepo.PeriodicEventPortUnsupportedBlockInfo" uuid="b5ef8435-9e7c-4e1a-8ba9-46951a4bc7db"/>
    <portGroupsRequireSameRate type="ModelRefInfoRepo.PortGroupsRequireSameRate" uuid="93fb4872-551f-4570-ba13-11c5ce1fb38b">
      <DSMPortGroups type="ModelRefInfoRepo.NameToPortGroupIdxVectMap" uuid="1e3252c9-b92d-4a5a-94f0-e5a8026525ad"/>
      <GlobalDSMPortGroups type="ModelRefInfoRepo.NameToPortGroupIdxVectMap" uuid="924bf3b6-db9c-40c5-ad2e-f0c99dd31993"/>
      <mergedPortGroups type="ModelRefInfoRepo.NameToPortGroupIdxVectMap" uuid="d52c8686-43f2-436f-b58e-f6efbcb2a391"/>
    </portGroupsRequireSameRate>
    <rateSpecOfGlobalDSMAccessedByDescExpFcnMdlMap type="ModelRefInfoRepo.GlobalDSMRateSpecMap" uuid="b95ad17e-7737-4a2e-ac85-a2bd5308d534"/>
    <simulinkFunctions type="ModelRefInfoRepo.SimulinkFunctions" uuid="ceb7acc6-806c-4e9e-8fe1-4a0612a1e0ff">
      <compSimulinkFunctionCatalog></compSimulinkFunctionCatalog>
      <variantSimulinkFunctions type="ModelRefInfoRepo.VariantSimulinkFunctions" uuid="2f55ed43-5129-4911-b354-7c7165b03c08"/>
    </simulinkFunctions>
    <stateWriterToOwnerMap type="ModelRefInfoRepo.StateWriterInfo" uuid="e2d7b7cd-eaef-46cb-9e79-5cecc23b975d"/>
    <varTsUIDMap type="ModelRefInfoRepo.VarTsUIDMap" uuid="ce31f8aa-6802-4a12-aa49-20a20524ec21"/>
  </ModelRefInfoRepo.ModelRefInfoRoot>
</MF0>