name;hash;commit
src/common/Crc.c;fea81b88c4b50b76788f2e5304866c895634714bdde29f6d0e3cb331f9c8c0e2;0ffc8e509af78139c4bc3e4e98ccbb916f9635ee
src/common/Crc.h;b1827b6d12d4ee0fe6ee5a4799ebd71b207cfc97c035429dfc4105174731f1c1;0ffc8e509af78139c4bc3e4e98ccbb916f9635ee
src/common/LinkDateTime.c;62418315beab9f8a51d7c071a2e487ed6957a80b233ad5150b7a438aa6d4f4a7;57dd62a5498b41b0b6eb356d0c4c2941b040d000
src/common/LinkDateTime.h;d72d9fac191334492969629d9cbf4120f31db4384428b49556f58a28a556e441;57dd62a5498b41b0b6eb356d0c4c2941b040d000
src/common/LinkInfo.h;742413cf5e54b7d6c4e82805a270647990403e35eeb6d20e87fda7247c705c1a;d5f983a659356a537427918616d037dca6f9ad9c
src/common/FCan.c;256dce6815e0602f116e8bf4fafbee09470bd5cf3f613ecdb6622081d7a41399;0f9e5ced4245c498b67850b278a602a9eb2516fb
src/common/FCan.h;4e6fbd368c22ad90e65ba96157a41da6318f30212e0c87f160356062066c4d56;0f9e5ced4245c498b67850b278a602a9eb2516fb
src/common/SafetyCanProtocol/SafetyCanProtocol.c;7931d8b631c929755c2d76f41a9a44f2c902e01c5697a8781227ad2fa0a0bbea;953e253f0682b76e4b119170d7f974e52e5a6c12 
src/common/SafetyCanProtocol/SafetyCanProtocol.h;03dce037aefdc031292630b1e6d52a501acc3e7bf7f10df47f69aaf0d22f423a;953e253f0682b76e4b119170d7f974e52e5a6c12 
src/common/Cfg/Git.h;65596fd010fa20eb0918635708324e715a2b3ee034fb36b91443baceac6341cb;c091f3c075f74d9f5814b36e636ddb20c3fe4230
src/common/Cfg/Pcb.h;f6f172e4ff94b787442601f66114b217ace7f4fe99d908d283bae5046957a61b;c091f3c075f74d9f5814b36e636ddb20c3fe4230
src/common/Cfg/ProcNames.c;5342159d525d3ea07a8298a050d6c0f5837236a670608c98b0b4bf1bce005930;c091f3c075f74d9f5814b36e636ddb20c3fe4230
src/common/Cfg/ProcNames.h;d4a772110fc4f69d95ef2710ac267b7f97f60fba0f54e6d70feb347b4a5febfc;c091f3c075f74d9f5814b36e636ddb20c3fe4230
src/common/Cfg/Scn.h;147c768f0e4d084e4c8b4856124380bcca4ca51c6430ea6efadc1f84dd5a4ba7;c091f3c075f74d9f5814b36e636ddb20c3fe4230
src/common/Cfg/Self.h;5f1185ade429c0a6350733eea52f3b200d7a11bf42cecdd44b60b730c0c01d4d;c091f3c075f74d9f5814b36e636ddb20c3fe4230
src/common/Crc/Linker.c;ccbf45349ca673cb62fdb505eb0497bd45a442418e9e5a414daf225e7d134964;250c932baa082b378fd55f9d633c7aaafdcb57b8
src/common/Crc/Linker.h;d44bde62f7f6c86f8873fc8cd41dfbed06caa5ba22afe522c0bc4f95711fdd0b;250c932baa082b378fd55f9d633c7aaafdcb57b8
src/common/Crc/LinkerSymbols.h;ea22227c5d4d62bb40e068ea0c641e309e1e3e33c2c1cf7f2dbff314e8ab2f49;250c932baa082b378fd55f9d633c7aaafdcb57b8
src/common/CanGateway.c;a98c7b6a724f773aa000f29442f11719fedea01b92a02d23ae1cf7778fa1e3bd;f5bdc06525836fb25298006274ec6d7c76fc455e
src/common/CanGateway.h;2c222e6b1af0775f679887925d628b9dd59b629d4778df954ade70dd5f21e335;f5bdc06525836fb25298006274ec6d7c76fc455e
src/common/Cfg/Crc.h;cb2bc71879a702df70de77420da9292e183df1136638bd24fd0f4783297fea4a;56a65a21c277d01c8b26aa1752eb4480de812629
src/common/Cfg/Eeprom.h;54a9be9a77a2036ec716a870136412466d21cba30212e290b56686e383f638e4;56a65a21c277d01c8b26aa1752eb4480de812629
src/common/Cfg/LinkerSymbols.h;75f813c92a68144731990a7097d4870e8d3d53bd843191f468ab669b05aa2215;56a65a21c277d01c8b26aa1752eb4480de812629
src/common/Cfg/MsgIds.h;12e6990f0413bc28bbf69b10fe27fa37b4bb5f7bb6847589ffa68da232be1564;56a65a21c277d01c8b26aa1752eb4480de812629
src/common/Kernel/SafeState.h;62bd24ad993dfc6d658be51dd37fc820fe2a17fafc79ee90261e4027656c2f66;c7370e0eb0136113d2b266ef842659db09dd0cf6
src/common/LifetimeCounter.h;e254f52b62865b5e52b1c922b40ef6969adb3eb26201a34706d7f51088fcb622;fc72c9cbb6e5eeb7354e57f9e9a4145701c808c2
src/common/LifetimeCounter.c;eed4fef21df5b77c8d97383f44ee6be641292ff204fdbc574c5e573dbc4dc21f;fc72c9cbb6e5eeb7354e57f9e9a4145701c808c2
src/common/Opb/Timestamp.c;68cc96ddb99d3408200af7acc4a67c00a3694d8bf2f37740b9cba8dc12245ac9;6bb939d99d57376e4f3dfb90a2e5c89b5ed6e326
src/common/Opb/Timestamp.h;f83d6594e80617be78b8f83bbeab71e9a2ab20ec3e0d4838afbcd357e6d916bf;6bb939d99d57376e4f3dfb90a2e5c89b5ed6e326
src/common/Opb/Opb.h;1217478288f37d1643378d77de68e5c3c45782b457b2e78c7b9bc73338804919;8d349b97b1207cf86072de7226f9dd3b9861a789
src/common/Opb/Opb.c;6bebf9813c43cdc8d916530a49eb4726513aadc50f5b9d372185f02e6bb8f6c3;8d349b97b1207cf86072de7226f9dd3b9861a789
src/common/RequestHandler.c;fe5fa94d9f0113cba2478bcec52ca6ef84dac5264ed46a8e684ea567d8cbd5a2;28de692a8e4d4f67bd5f38b57236864e5da110ad
src/common/I2C/I2C.h;fb60bb029640e4cbcdd02ac5bf550745474bc71936b874d082f7a35e1a87e766;55ae6f1d10737a0669ab1e02190c48810aee6625
src/common/I2C/Msgs.h;3792716947dba2c8cc190e066ff71e4a723326cbd90b4d7de67501c47911cbe0;55ae6f1d10737a0669ab1e02190c48810aee6625
src/common/I2C/Proc.c;a29c2c82c1ad15380ccc8d408fd68a01e34f946ddd4f6b1646792646eed898aa;55ae6f1d10737a0669ab1e02190c48810aee6625
src/common/I2C/Proc.h;2a59ec521b804e86309d94364c961afdb855962b3dd5eee254a74de0512f4680;55ae6f1d10737a0669ab1e02190c48810aee6625
src/common/I2C/Types.h;83d6cddfecaead2bf763ff4d3d68d8afc2776070c4649bf906f3feef68eb3b55;55ae6f1d10737a0669ab1e02190c48810aee6625
src/common/Security/SMsgs.h;ae414202ecdc8a5b21ab3e435cf5e43bde58e13effed78abbc6d6532527c0c8d;977dabb70ac2d8a038b7363940106805ceed74de
src/common/Security/SProc.c;190c7d30b8a4284ebdd775a5ce8c76fb4a15cb9be77b20bf88b364d5a32d3c67;ae506cee67899d06226d8baf21743c9eceaa485e
src/common/Security/SProc.h;8fca5bf712ffc45b8f27a858b10758610fda6d6de9e7fbcbabaf05ec59cd3787;977dabb70ac2d8a038b7363940106805ceed74de
src/common/Hlp/Io.c;300738d660e4f402bd165b800330cd2a6bdb4cc53b3525ea013e114e285f7a15;ad21e3b1fd9fd75816cc53a33c2b1ced0ec89446
src/common/Hlp/Io.h;77476f69490474382638e9443b6d06ca95f602bbd11824ce93683811cce0d29d;49e3cb7c6b3608de0b5c596ec7e2d2bf33c7be0c
src/common/Hlp/IoKernel.c;0656307bb98bcd608062cca0a05fa6fa740b812755b6dc7b56b06c4365613e5e;49e3cb7c6b3608de0b5c596ec7e2d2bf33c7be0c
src/common/Hlp/IoKernel.h;dde788265042006f53e8c8f72bdd3e7046859fdc2356d1cecbff5fe47798b052;49e3cb7c6b3608de0b5c596ec7e2d2bf33c7be0c
src/common/Hlp/Msg.c;e28d0cfdad07ae6af971f81d98b4691c3138cb779501300fdb0c95aa86e02985;49e3cb7c6b3608de0b5c596ec7e2d2bf33c7be0c
src/common/Hlp/Msg.h;52c9dba6165601b0c632d37002bcc5b737aea36a2a5dfac2e618a08ca71d57f1;49e3cb7c6b3608de0b5c596ec7e2d2bf33c7be0c
src/common/Hlp/ProcVar.c;27da49e700658941aa294da7585d96770eba619424f5f607cc70f438ccf50888;49e3cb7c6b3608de0b5c596ec7e2d2bf33c7be0c
src/common/Hlp/ProcVar.h;ec1908b393f3b44b00e585696f020301114556f9bb715c0eb96fee31e4403efe;49e3cb7c6b3608de0b5c596ec7e2d2bf33c7be0c
src/common/Hlp/Spi.c;b3bb5b08cfca9e67bc239324b55c5ba4577a8897e420998427370969c4605588;447a692533b031d75391cd7287fe8292bfad59f4
src/common/Hlp/Spi.h;7c0e54b343abb4f6f21f812aa5e585394f2676089e1d4df40b525ac9d637679a;49e3cb7c6b3608de0b5c596ec7e2d2bf33c7be0c
src/common/Hlp/Types.h;6675e07d7e57fabbe677ae4a6d673eadca807792da38b8c66749ff2dcf28a75b;49e3cb7c6b3608de0b5c596ec7e2d2bf33c7be0c
src/common/Proc/InitHw.h;d8ae2e0fe7ede9e476517f80f123b06cf413c9e0bb0186c097f5667a3f4ce79d;5563650c7bbc73f211caaab75554de7bcf403abd
src/common/Proc/SafetyTimer.h;d4c35f2d8d5dc92687f0f20270b3c0d3adce374d5ecbd81c597d679cc0592f00;5563650c7bbc73f211caaab75554de7bcf403abd
src/common/Proc/SafetyIntegrity.c;5966c4ac5ae1d1aaa0336dbdcbb05d3207a8329d58adc8cb0b1e83b4b76cea1c;5563650c7bbc73f211caaab75554de7bcf403abd
src/common/Proc/SafetyIntegrity.h;f101f1b4cad360f4bbd96c2c6f7105b30e53082be18aace68e4e88474820e378;5563650c7bbc73f211caaab75554de7bcf403abd
src/common/Hlp/Types.h;0edc1a470f006e308e2681d7ff83cb899de98e3316cfebf1fac387574d5e1490;aee625c5c5480147c04f4badbe5e6b9381380027
src/common/Nvm.c;dbe3338fedcf8bf0edae1aaf6db493f232ec8e28046e37c67255022460fa7217;7e73a6c5e27e606b680361a588821b322a266a7e
src/common/Nvm.h;2f59c5f7503a738e92ed4699b443f3509e0c025b0c8db1e3dbf054b33a25d382;231fd422ed888aa9c3bea6b33c711c4ef6248061
src/common/Event/Reporting.c;17455c8407f3e83ad2e54144d650de497817ef657568e5133f1ed8d7bd95fb6d;cdc606c4ef2921c70f634e0f809856c4ea62564e
src/common/McuIntegrityError.c;3aca00d051fb7dcfd320cf0b180373c10fd457738456ba3bbecc14ad6a8661f4;ed9b0e9e186c976861c7f54adda4bd5d076c71d8
src/common/McuIntegrityError.h;dbd4211a11a938abcc541046657f46b2f521e7eec5b2f244e83b616009e01595;cdc606c4ef2921c70f634e0f809856c4ea62564e
src/common/ProcTiming.c;95d61352b24ae4bb7ec75fcec5e0fd2f83f154a4001a99c8c861490b8b889a43;56334fa42c46f4d8f50e6048e7ef950b51527f0f
src/common/ProcTiming.h;da2d6618b16dc44a9cdc1e11558adfd4654533ccb39d43d3477db78f0593ce11;09d49a0d8e83ce003ab568e88d6ea109156aefe2
src/common/SafetyLibApi.c;940df19e7f902e0784fce17f27cd422aa64d98e88e661568a5e41ecd51fd577a;cdc606c4ef2921c70f634e0f809856c4ea62564e
src/common/SafetyLibApi.h;58c3ccc4c5074270c378579dfe5e4707a7112cc73f42d8cdf4c6dbee172696a6;cdc606c4ef2921c70f634e0f809856c4ea62564e
src/common/ErrorHook.c;1b77fc78e90b72e35a80d67164c7b3159da36dff7615c3e583be2dd6b73100f0;2ae8972a119ea8db004b7ca1454f047b149938e0
src/common/ErrorHook.h;015902a907fafdef8e267c406592cd7a16513d74a7b88a40d2a3595fd7f035fe;74a7b6b2ece34578ba6f5bd486398b661c1d84dc
src/common/ResMon/Proc.c;b2a264bf9029c9e24decae8d7c10b9e4fbf7160a56403720e6278867b8a3b2c6;ddb48e7c62d8ca5944e0b3793300526458ed4e54
src/common/ResMon/Proc.h;764fccceb817c2abfc6e0832b863324e49014ec7a1f5cba7249899202775e902;ddb48e7c62d8ca5944e0b3793300526458ed4e54
src/common/systick_pit_mod.c;725dcbd64c73f98521db75d59d3021548b4485dca4746d157ed2893b1fcb3cb9;83addfaa08d79ef6b9534644625601fdfadbbd61
src/common/Crypto/ATECC508.c;2c77b8e50fb910a6b59c0f6911ced2019d0c3cae97b97cdd662ed6e0ec47fe02;626a3873419271e1a55153c0c2be0ab53c6b37c6
src/common/Crypto/ATECC508.h;c0089df6c0fcda758cf225eedd094ffca56c71783b905e8daad27d36b12a3849;626a3873419271e1a55153c0c2be0ab53c6b37c6
src/common/SwMon/Callback.h;b6a48201c18f006d60b4b9785570122de9d5427324402c8105ccdda967ea07fa;cc7b9368dd4f355e05c73bf895ded842cf906bf5
src/common/SwMon/HaltManager.c;d3b8a13fa2320fa3c6b9bb6afb47d165405c62b3042059a29e87ccbde33c54a3;cc7b9368dd4f355e05c73bf895ded842cf906bf5
src/common/SwMon/HaltManager.h;a46df055dbd3e5004cadfc5b615b6ea3534bba4ca77c09788247a2102bfc9621;cc7b9368dd4f355e05c73bf895ded842cf906bf5
src/common/SwMon/Monitor.c;801c3ce7a70521d4e42b22b9489db50b59395ed7b5df1de5517c10714b240185;cc7b9368dd4f355e05c73bf895ded842cf906bf5
src/common/SwMon/Monitor.h;4b89d9094ffbc4e46a1235e1f2365eb855ab686367a39b9f008d765c3a61f078;cc7b9368dd4f355e05c73bf895ded842cf906bf5
src/common/SwMon/SMsgs.h;403228fda46571198482396ada18529aa1a439fc16731e15e85205ed7a07a5d6;cc7b9368dd4f355e05c73bf895ded842cf906bf5
src/common/SwMon/SProc.c;ae793369b5e6e16ddc04c1df017f5067ad1355d0d2aa6b95ba3661ee2f54f785;b09ce84436b92dc0ace09eb9c212714a335523fe
src/common/SwMon/SProc.h;b79f8bbee968c8bd945c48605e945b1b3be1281523477722b1bc13b59aab3b7d;cc7b9368dd4f355e05c73bf895ded842cf906bf5
src/common/SwMon/SwMonTypes.h;04c0df22bab873c776e03fba7c8d4d762003cf99b13097730acc30aa19dba5cf;cc7b9368dd4f355e05c73bf895ded842cf906bf5
src/common/Drv/inc/Drv_Adc.h;40d80c8bf18ce1fbe570a470970258a93b57706121d9269ad265ef99249384df;68b6a2c9676a2304311de37c00398dcb470ca12a
src/common/Drv/inc/Drv_DebugCfg.h;adcb46ff7e08b09fbcd12dea1783544c5ac1c7846eef4d9cb28256e45175db68;68b6a2c9676a2304311de37c00398dcb470ca12a
src/common/Drv/inc/Drv_EmbFlash.h;75bda23c2df3cefaa61da60e9cbc23f8a25322cb5786bb5dd162de047ed3a0ec;68b6a2c9676a2304311de37c00398dcb470ca12a
src/common/Drv/inc/Drv_MC_RGM.h;485e2baf2c4cbc5a2e12571ae0b21f7f7408c6c5c5222b5ed9733dd84244300a;68b6a2c9676a2304311de37c00398dcb470ca12a
src/common/Drv/inc/Drv_Memu.h;a3e244fdf552455175c32e95acfd2d44cdd0c15763bea9b5067a6716718ef02d;68b6a2c9676a2304311de37c00398dcb470ca12a
src/common/Drv/inc/Drv_MemuKernel.h;28d88896fb50713c86240a2ff786ccab06d11ad566b282033f06ea0e5f4c8140;68b6a2c9676a2304311de37c00398dcb470ca12a
src/common/Drv/inc/Drv_Sbc.h;117c7ebae8565b57959eaed1a148a4fd509fd40b26af4c10e34a1fe930b0d61b;68b6a2c9676a2304311de37c00398dcb470ca12a
src/common/Drv/inc/Drv_Sscm.h;905932a72cb9974f637e129900f46211863111680bce726e62861ac4a7209bd0;68b6a2c9676a2304311de37c00398dcb470ca12a
src/common/Drv/inc/Drv_Stcu.h;e15762112bf81e3d58d6909b1cfffa535f508193a64bc0b1c66b0d6caae498ac;68b6a2c9676a2304311de37c00398dcb470ca12a
src/common/Drv/inc/Drv_StdRegMacros.h;c34923feef788a6117c3fddeb2a1ceda8429564b2b220460ff4380bd7f9a7c86;68b6a2c9676a2304311de37c00398dcb470ca12a
src/common/Drv/inc/Drv_Wdg.h;663adf4c7f7e684de232e4d03d4d556df49e8b9f5aa1a8d9605497d58754d63d;68b6a2c9676a2304311de37c00398dcb470ca12a
src/common/Drv/inc/Drv_Xbar.h;81cb60f83147d47bbf0f9e9dcbb02bd7125e7f755da672b8221c80fa308d0df3;68b6a2c9676a2304311de37c00398dcb470ca12a
src/common/Drv/inc/Startup.h;095db872ee686f49296a0b6193f7490de29343a11e22196642221a93e722ba1a;68b6a2c9676a2304311de37c00398dcb470ca12a
src/common/Drv/src/Drv_Adc.c;4e04c000de0d0cfeb7a6b8bb183bd5fb3048ab3c73c872f8dd2a45e01c6bcb04;68b6a2c9676a2304311de37c00398dcb470ca12a
src/common/Drv/src/Drv_DebugCfg.c;be605e8a5fb68f9b0d07e75d44fb200dcb6b7f123511bceaedde9dbc087eb38c;68b6a2c9676a2304311de37c00398dcb470ca12a
src/common/Drv/src/Drv_EmbFlash.c;6de8526223669d02568cddd872b13a57f2b7e538a5d07b95374749375613663d;625e7fe3498a8ea470b27b03c0a31548bf4419f1
src/common/Drv/src/Drv_MC_RGM.c;b9e4898249af750d2b8aa186d23424b47b8d71dc1dc9dda983a13a79df0699bd;68b6a2c9676a2304311de37c00398dcb470ca12a
src/common/Drv/src/Drv_Memu.c;88bcda235fee2cb95598f89110c540909bbaca8677419406cab364bede82b998;68b6a2c9676a2304311de37c00398dcb470ca12a
src/common/Drv/src/Drv_MemuKernel.c;a64109848dd6efa080c17e328b65092abe11ad6d91744dc9eff8255e8fb2d7a3;68b6a2c9676a2304311de37c00398dcb470ca12a
src/common/Drv/src/Drv_Sbc33908.c;c1e43b171ae3e03a0abec3fb3282c53f7c23da6ab6e87c0813c8d490754ddc54;68b6a2c9676a2304311de37c00398dcb470ca12a
src/common/Drv/src/Drv_Sscm.c;4ab5a7b299b7b3d62ac4082a99ad5403c1af397a78d6080e40508a6fe6c8cd79;68b6a2c9676a2304311de37c00398dcb470ca12a
src/common/Drv/src/Drv_Stcu.c;de25bb66ae365a2781a82774612e6172bfd3e7acff726d8745aae6882cd67fbd;68b6a2c9676a2304311de37c00398dcb470ca12a
src/common/Drv/src/Drv_Wdg.c;abd6959cfd0e21471a254ab6e6012a3cc8a7b027b29bca9fd42f2fe40de4908e;68b6a2c9676a2304311de37c00398dcb470ca12a
src/common/Drv/src/Drv_Xbar.c;7f6c8c3fa412368064bcbbbdf75e0e7afdcd22025550d3d02daf35eb8720e8d1;68b6a2c9676a2304311de37c00398dcb470ca12a
src/common/Drv/src/Startup.c;a35924451637bb584273f2a895981ebf19d3f38aec951ff4366e399ca5b6caa9;68b6a2c9676a2304311de37c00398dcb470ca12a
src/common/Safety/SafetyLib/inc/SafetyLibIntegrityCbk.h;93b8c7e94e29114548b521c1684b300bb711a1ae08802c8bf2b5b8a0c2e6b361;68b6a2c9676a2304311de37c00398dcb470ca12a
src/common/Safety/SafetyLib/inc/SafetyLibTestHandler.h;7100607d4543b27e9ec40360c8ad93014b6e8f695a0e3196c0e2ca7fc42a9e54;11baf3a2da9aad069e408871381aaf9542929ee4
src/common/Safety/SafetyLib/inc/SafetyLibTestLib_AdcTsens.h;a5a0077e8bdd7021e4388b2f4347e07629d45937c7534c3ac1d266e5ce7e4085;68b6a2c9676a2304311de37c00398dcb470ca12a
src/common/Safety/SafetyLib/inc/SafetyLibTestLib_Cmu.h;985533db775ae5111b067edbb4dc608b19467d776aac702f4761b21f77c52355;68b6a2c9676a2304311de37c00398dcb470ca12a
src/common/Safety/SafetyLib/inc/SafetyLibTestLib_DebugCfg.h;5a1e18907c1aae11b37ac856db5600b81caee3bf11e5cd05d648ead94e792e66;68b6a2c9676a2304311de37c00398dcb470ca12a
src/common/Safety/SafetyLib/inc/SafetyLibTestLib_Eflash.h;08869470c476daef2eaa8e229effac9105357878ced940bf891cd3cc9b847727;68b6a2c9676a2304311de37c00398dcb470ca12a
src/common/Safety/SafetyLib/inc/SafetyLibTestLib_Fccu.h;7ea6161bb1c47baaa908af1f1ffaf6070c8795278916ef43ae4e8efdb0b2d23a;68b6a2c9676a2304311de37c00398dcb470ca12a
src/common/Safety/SafetyLib/inc/SafetyLibTestLib_Memu.h;39edc923a953981b44e46d940386511423d9ee18ee98d12e7a9215cfc0be6a01;68b6a2c9676a2304311de37c00398dcb470ca12a
src/common/Safety/SafetyLib/inc/SafetyLibTestLib_Pmc.h;e385c705dd34a6013801f78f1dd0b3269b7df298a30b887ca3d4ab05b36859d6;68b6a2c9676a2304311de37c00398dcb470ca12a
src/common/Safety/SafetyLib/inc/SafetyLibTestLib_RegisterCRC.h;1b80a2e8586d3d3ffc236d1c435187e7cfc9209a4dfee0ac07e13e6a1676ca1c;68b6a2c9676a2304311de37c00398dcb470ca12a
src/common/Safety/SafetyLib/inc/SafetyLibTestLib_ResetMon.h;0f24eb6e09182b313bd81daa3dd5196f694315870d2c1eaf8c67a7ac5619e751;68b6a2c9676a2304311de37c00398dcb470ca12a
src/common/Safety/SafetyLib/inc/SafetyLibTestLib_Sbc.h;31591d3d3fac49d6f3f21382e310c4120dff92db9f3c27451fc5dab5a85c9121;68b6a2c9676a2304311de37c00398dcb470ca12a
src/common/Safety/SafetyLib/inc/SafetyLibTestLib_Sscm.h;206792a15baef04dd80036167caf57806d366aaec916dcd29c3dab5ae612d901;68b6a2c9676a2304311de37c00398dcb470ca12a
src/common/Safety/SafetyLib/inc/SafetyLibTestLib_Stcu.h;d76db2c154e73337c9f1b84eeedca465c2ce6c6253cde380291fb33f1e204d31;68b6a2c9676a2304311de37c00398dcb470ca12a
src/common/Safety/SafetyLib/inc/SafetyLibTestLib_Swt.h;19d90841bd7c0c34b502dbf74b0be3a5ad63d6f713d51ceb210ee56505cae67e;68b6a2c9676a2304311de37c00398dcb470ca12a
src/common/Safety/SafetyLib/inc/SafetyLibTestLib_Xbar.h;305a2d48a8546459cc7cc180d6e871712e7bfc793dcfc80ce2ab84159b8b6b41;68b6a2c9676a2304311de37c00398dcb470ca12a
src/common/Safety/SafetyLib/inc/SafetyLibTestManager.h;7c312cf556fc38cba115cc5d415d7ae130125e14b306d40e1885c974c65d70cc;68b6a2c9676a2304311de37c00398dcb470ca12a
src/common/Safety/SafetyLib/TestLib/SafetyLibTestLib_AdcTsens.c;6f87db0d1db72f5a01ee149c12a834bc61f3b82afcbcf7f95ebcb72ac5d48e34;68b6a2c9676a2304311de37c00398dcb470ca12a
src/common/Safety/SafetyLib/TestLib/SafetyLibTestLib_Cmu.c;391b4c38a371526e32c3d6b122008e57e7e063fe3588d63888cbea72b32e47ce;68b6a2c9676a2304311de37c00398dcb470ca12a
src/common/Safety/SafetyLib/TestLib/SafetyLibTestLib_DebugCfg.c;907b2c8ddd9e971563f6ff0704623d8dab7e457ab5323f44469d37e170b0dea2;68b6a2c9676a2304311de37c00398dcb470ca12a
src/common/Safety/SafetyLib/TestLib/SafetyLibTestLib_Eflash.c;d87f88dbeab4e6e843aec3630470290511e3a114a863934cb3101e93d9cafc6d;68b6a2c9676a2304311de37c00398dcb470ca12a
src/common/Safety/SafetyLib/TestLib/SafetyLibTestLib_Fccu.c;ffd0069be22d6139aa372db7edc89aa575450d06490d324de6093faef613b520;68b6a2c9676a2304311de37c00398dcb470ca12a
src/common/Safety/SafetyLib/TestLib/SafetyLibTestLib_Memu.c;3aeb9cf19e49401f2186b03172268a42d91c9073dba8de69528f233d55aa333f;68b6a2c9676a2304311de37c00398dcb470ca12a
src/common/Safety/SafetyLib/TestLib/SafetyLibTestLib_Pmc.c;68e2a4f0dbe264a883add3b63c2d7d1b0dcbb08a5e9c10b8dd064ab9f1679e87;68b6a2c9676a2304311de37c00398dcb470ca12a
src/common/Safety/SafetyLib/TestLib/SafetyLibTestLib_RegisterCRC.c;cc2d48a141105d2674d9328d888df5906918be9cbca9e70530fc2e76469cf397;11baf3a2da9aad069e408871381aaf9542929ee4
src/common/Safety/SafetyLib/TestLib/SafetyLibTestLib_ResetMon.c;5ebd229d0e890a0d9fa20b77c7f98334a02d8d36c6bb931358e9c13dd9c0e693;68b6a2c9676a2304311de37c00398dcb470ca12a
src/common/Safety/SafetyLib/TestLib/SafetyLibTestLib_Sbc.c;d187d2b0db14f35119a60add43a0b888b51e9b3d8c83f711a0dfb9fda90bcf1e;68b6a2c9676a2304311de37c00398dcb470ca12a
src/common/Safety/SafetyLib/TestLib/SafetyLibTestLib_Sscm.c;5874ee9e1a3b23c6f6e693d75b18ce5017031278ea19992cafb75032eaa98b03;68b6a2c9676a2304311de37c00398dcb470ca12a
src/common/Safety/SafetyLib/TestLib/SafetyLibTestLib_Stcu.c;5a9c2226bccc26a59d7c3a45edd68896bf1376b0e260718d62eeaec0f6c08ec8;68b6a2c9676a2304311de37c00398dcb470ca12a
src/common/Safety/SafetyLib/TestLib/SafetyLibTestLib_Swt.c;8429d583faaa2afd97b6415fc0435a5da3de8d728bda3d09a1ade26a0f68fec6;68b6a2c9676a2304311de37c00398dcb470ca12a
src/common/Safety/SafetyLib/TestLib/SafetyLibTestLib_Xbar.c;525de3e800d12b30a8c5778eb766f91b0031fe26ea2f3edb43e3d695f4e48b1b;68b6a2c9676a2304311de37c00398dcb470ca12a
src/common/Safety/SafetyLib/SafetyLibIntegrityCbk.c;2bda0b1aebbbeddb6d7ec4b1b7910ef72c5d3ee7c3ced176d753cce075cfc972;68b6a2c9676a2304311de37c00398dcb470ca12a
src/common/Safety/SafetyLib/SafetyLibTestHandler.c;60d0fbb8a2f49eb931772551cfcac819a183849bf4fb99a515fd9939223377c4;68b6a2c9676a2304311de37c00398dcb470ca12a
src/common/Safety/SafetyLib/SafetyLibTestManager.c;58e95b2cc0492d4c564de8fcdd41b08d4b410468e27cc9bf8cd78048f14a7c57;43cb00bd4e4c32857dadabb9840ffff5e087a42b
src/common/Startup/BoardId.c;b9af90e5bbf7a6052442025245ad76c2262bc5064b06c1a2d9aac9d92ec583c8;20a10c2e4185de765b3b7d331a36ff02d29e9a8a
src/common/Startup/BoardId.h;a8f819ba9ddfc87c6dd94209329d40e70ee246fd61837235d834f507d2de397e;20a10c2e4185de765b3b7d331a36ff02d29e9a8a
src/common/Startup/BoardSetup.h;063c7e883ae93b6e4ebe5c0006758a271f72c8ec1b25059870f30d8698b452fd;20a10c2e4185de765b3b7d331a36ff02d29e9a8a
src/common/Startup/BoardSetupNoStack.c;f7f12f28055cda00d95b69ef76cb009bf57234da187ea222ddb9ba61c092e8cc;20a10c2e4185de765b3b7d331a36ff02d29e9a8a
src/common/Startup/BoardSetupNoStack.h;591c8c8756fe00a4b6e149d58a7d766627481351ee35adbd6d044a5e2a291676;20a10c2e4185de765b3b7d331a36ff02d29e9a8a
src/common/Startup/Can.c;6c792ec4d96e001d51f2a21784c4e3913c81d33dc0ae8a69e00a8df1c2539f3c;20a10c2e4185de765b3b7d331a36ff02d29e9a8a
src/common/Startup/Can.h;1b3a06025c259d3dc242ae872c905d0dcc7f965c166a7e3df8fba8c4eb011de7;20a10c2e4185de765b3b7d331a36ff02d29e9a8a
src/common/Startup/Gpio.c;66f231abf90d0370d74dd4ab78312bf713fdb2cdcbfa45201cfaca474ddbb00c;a8277f641cc499dd62c4eacb557f0f341b06d50b
src/common/Startup/Gpio.h;898b122512ff8c42683d169a2826c2a674e54f600972efd424d7f57d181e590d;20a10c2e4185de765b3b7d331a36ff02d29e9a8a
src/common/Startup/I2c.c;a501e54bbb53d29aa3e6d55c0106ea77731b7832c3338a7eb345465e0776f4b2;20a10c2e4185de765b3b7d331a36ff02d29e9a8a
src/common/Startup/I2c.h;085c585d28a3fc458b91ea806533fe88ba22c9bb24b9f4dd05d6d1df62cf308c;20a10c2e4185de765b3b7d331a36ff02d29e9a8a
src/common/Startup/LinFlexD.c;e0556315ac16848ab807abaa8a811d655fa8c1a3300d4a01ddaf4d18f64dfae1;20a10c2e4185de765b3b7d331a36ff02d29e9a8a
src/common/Startup/LinFlexD.h;8efeef1b6ae340a0cba2036278ffd2302b294f52e6761cbc7618d2ec15b12d57;20a10c2e4185de765b3b7d331a36ff02d29e9a8a
src/common/Startup/MpuTable.h;962488e0c932d7306ce072d34141b875505e782626bcf7306a90992ab8a03820;20a10c2e4185de765b3b7d331a36ff02d29e9a8a
src/common/Startup/Pwm.c;2482fe8e7c4ed4270ce2d1171fa0f7e29a03953de01495d51922933a0f15a2af;20a10c2e4185de765b3b7d331a36ff02d29e9a8a
src/common/Startup/Pwm.h;a464fb963d0aa15b349d6c2b9c4e28c68b7871aeb7e47ca002ccbad08f42053c;20a10c2e4185de765b3b7d331a36ff02d29e9a8a
src/common/Startup/Spi.c;5c65d8f66d53863eb056bfdd517138daae0fd078636919ed7fde6b7dd2716b07;039dd59a5099450468a25f0b6626450398fb5bee
src/common/Startup/Spi.h;ec4d23e6863bf0ecc023a5881f470f3716a66ab9231078252debd8054520ad3e;20a10c2e4185de765b3b7d331a36ff02d29e9a8a
src/common/Startup/StartHookNoStack.c;d708896e703007bafcfb54483d61032fccd290e72b54582ec2bcc7f014f49cf0;20a10c2e4185de765b3b7d331a36ff02d29e9a8a
src/common/Startup/StartHookNoStack.h;f55106987149ef63f4b4bf876717ffd59be7df9ab6e519e60a38102e03908bae;20a10c2e4185de765b3b7d331a36ff02d29e9a8a
src/common/Safety/StackCheck.c;1957f93f14a7e9cec5b4d4556ae96206e7c2a88855925742fd2d2effa3580a70;cade11eb370cdd2902c0b982aa33688aabf9466c
src/common/Safety/StackCheck.h;33c3b2d49a0e1b944e175460cbf82f14d38cb99cdb03feeb44f7237c2ec3565c;cade11eb370cdd2902c0b982aa33688aabf9466c
src/common/Drv/Shift74Hc165.c;d8f7b623f71d88b9a0053495ee8f7493b4820d740134383ea3fd6c0179c35abc;4810005e82897dbd29dd258fafa2f0f3c3e8713e
src/common/Drv/Shift74Hc165.h;66e14f79ae19e8ccfe757356580811e6e54fc1736bb93a79e08bd7a6ee3ed6fd;4810005e82897dbd29dd258fafa2f0f3c3e8713e
src/common/Model/GsmAlloc.c;8fb7fa103777d9baa808b2e6b5468ff5d3e5bfb045cae03e2ae80b4fe3751257;81427829948e0c7a9edbdf758c87558d12571e77
src/common/Model/GsmAlloc.h;8ad8cb5f6872a5fb95a4ebba9ea379b057c34fec93d1ed36ef08d69ed35691e8;81427829948e0c7a9edbdf758c87558d12571e77
src/common/Model/OtisTypes.h;31d8fc75416d68d864a6fa48d3e0282510fa5496e8a1ddd3e03a3da2a62ae63b;81427829948e0c7a9edbdf758c87558d12571e77
src/common/Model/Support.c;dab6e202c3db2b55a60d29136dec091eb6b6a270b5a55ae84304997fc4e0e5ff;81427829948e0c7a9edbdf758c87558d12571e77
src/common/Model/Support.h;dd979691ec8e768ebadebff53a5881c7d64f7bdecfa585c36355f1c73468790d;81427829948e0c7a9edbdf758c87558d12571e77
src/common/Model/Tm.c;7f81fcf569f8a9b49e4452f9fd4373e828095e5ee53ea799224fb4c9cfd7a9c6;81427829948e0c7a9edbdf758c87558d12571e77
src/common/Model/Tm.h;ab5b7bb1a06ff03c1b0aabc9de00ffea105564df6e4a50fc038c90eb0ad84dec;81427829948e0c7a9edbdf758c87558d12571e77
src/common/Sciopta/Connector.c;829c49407116174adaba2d3ae0e0428231d0bf5226785a24a1dd0412c7e3f101;0d7ddf7a01c8de086177588c9c47c551559fe3af
src/common/Sciopta/MissingSymbols.h;3bd728172486a6f93a068e22fea2a5b7755804df18513db88755bc2116b19826;0d7ddf7a01c8de086177588c9c47c551559fe3af
src/common/Sciopta/SwapHook.c;e9b1b8a6af4b143531fa15be20aa33b635759db2d15fb4d71adef007433705f0;0d7ddf7a01c8de086177588c9c47c551559fe3af
src/common/Sciopta/SwapHook.h;0809daf48f4e0f58a64c08a55c66cab4937eaff2874cbcc93bcbb0da777945c7;0d7ddf7a01c8de086177588c9c47c551559fe3af
src/common/Sciopta/UartNoStack.c;fb6c67aee48d84a2b862dd8d6771d0f59c79756ffa5b0abd077c2728d104a947;0d7ddf7a01c8de086177588c9c47c551559fe3af
src/common/Sciopta/UartNoStack.h;1b2c91c225bc368970f7cd3f5eae6b7aefba23f3a59768960954937ccce843be;0d7ddf7a01c8de086177588c9c47c551559fe3af
src/common/Startup/Cmu.c;199d280c1df5c1b6fc9aa8b6841fc1a152e581c00ca3b422ae8f483b5be98fac;f7b6b027937dec9663371d513752512fce22078f
src/common/Startup/Cmu.h;200cdfc227a96fdddf5b09c7b2543b75e6fe88fe0f1dc5de069bf6365c04e53e;d1c9065cf36d487e77d98a0389db3a67e2d89eb0
src/common/Startup/RegProt.c;742223f08dfea8d9e621126f598d65259d639a69d61d8d2e48fc45c992a3558b;f7b6b027937dec9663371d513752512fce22078f
src/common/Startup/RegProt.h;3d3549cb3f8ea697c3f53c7923d00ec098149855df919c9cd350ab3fd43b2681;d749a3085bcd6dbc0a1f725ced824f5c0cc5e723
src/common/Startup/Clock.c;9993b484a18c61b8fdf9c9add1855a85614b3ba810ac9f44d228339b4f9fb680;f7b6b027937dec9663371d513752512fce22078f
src/common/Startup/Clock.h;d2900dbdc3fc353e1d2c334a68ec86100b73ccc7174c30656ad7f70c87d615ac;14ed79fecb175b8e2aa2bce720060c8655a10dde
src/common/Fccu.c;0b3e9894e284173b6a86ebed43893d5e4c19e2730056e76b701589872025fe36;899132427adb5351421ecb72034eed5ad397ed52
src/common/Cfg/Freq.h;d0eeb972ee870a4c7994dc363cd91131cdc6f38327152c3733436fc929b1c025;2c3365e7b439fcabd948510b15fd80e69d2a4a1b
src/common/CanSched/CanSched.c;1b22153d2b074c9052fb4b8acddc9bacf5cdae8f7a59491cbc748d519e371469;00e4e604cade1fc803bf1753c4b72155345634bb
src/common/CanSched/CanSched.dox;c2a3556a8d13d3a56bf24fdae4b245b70b71b5f088255e4f29bbffe1cf1b65b0;00e4e604cade1fc803bf1753c4b72155345634bb
src/common/CanSched/CanSched.h;68a615ad10a8f887ec0113f7bca5a2cea3814b985199cbbd755b83baac38f3f2;00e4e604cade1fc803bf1753c4b72155345634bb
src/common/CanSched/Cfg.h;43566ac64eb70c0b11db1fbb34564c2962b5af6cff900c03385e35ea806d78d5;00e4e604cade1fc803bf1753c4b72155345634bb
src/common/CanSched/CfgDriver.h;d5814092e5e9e30670169ad25feed2a94d360bc0db04c8cd74651fa216d43954;00e4e604cade1fc803bf1753c4b72155345634bb
src/common/CanSched/Msgs.h;5cbc28b6cc5cdcb3add08266abae7c8397e76fc231e46d70ea44698f2b65951f;00e4e604cade1fc803bf1753c4b72155345634bb
src/common/CanSched/NonSrs.h;ab2fb4394a6c7589c787e79142d221df0f6f6b1d60124894f3d51b0188539888;00e4e604cade1fc803bf1753c4b72155345634bb
src/common/CanSched/Private/Channel.c;6ba74f307a31132a0ac2fe22bdddabd1f3e93b3d0338008b2439c8fa8998036f;00e4e604cade1fc803bf1753c4b72155345634bb
src/common/CanSched/Private/Channel.h;960d5fbb76cf5b6128d4d246f8c5a625dbf9637a4eea7cc7a5a9b06cdacf4915;00e4e604cade1fc803bf1753c4b72155345634bb
src/common/CanSched/Private/Driver.c;3fcbb05e4cbf4f3a07b9abec1a1522f8aa0e4c4e88be9ca59ae8bd3e34998fc9;00e4e604cade1fc803bf1753c4b72155345634bb
src/common/CanSched/Private/Driver.h;075f11837e5054f12e5033749d3e1b8ec0723feaf41969a6a00acad0ba629de3;00e4e604cade1fc803bf1753c4b72155345634bb
src/common/CanSched/Private/DummyFilter.c;5612ac425bebb36848b156ebda250219e258b10643749ccbf7a73ff0e2043f9a;00e4e604cade1fc803bf1753c4b72155345634bb
src/common/CanSched/Private/DummyFilter.h;d8932e8a2fc943f61fcdca22aeabf6b11c1d2a5eb58a835df67bc430be462980;00e4e604cade1fc803bf1753c4b72155345634bb
src/common/CanSched/Private/Msgs.c;b3f74e68a260ee5bfec973c07580afe6c8faa37f8c8cb53f3ebeda2f37a8aa0c;00e4e604cade1fc803bf1753c4b72155345634bb
src/common/CanSched/Private/Msgs.h;da8ff1b3f5d3e47245032c0dff175f48549929f81c9842db5394f74d084a2c79;00e4e604cade1fc803bf1753c4b72155345634bb
src/common/CanSched/Private/Proc.c;df9d3ce2e221ccaeb2741aba461606378875cd7cee1f3f16a3c06f17e8a77aec;14bd62ade2575f3d5bca4e1a8e068f054d224701
src/common/CanSched/Private/Proc.h;b443df0b9a4c79009a38731ac87aa47ed106142898caeaaaa74af1527cbd1d29;00e4e604cade1fc803bf1753c4b72155345634bb
src/common/CanSched/Private/SendQueue.c;6534b0d84baa3afa2f85ac46c0266d002d86c2f92098959cc20e7be4b1d694ce;00e4e604cade1fc803bf1753c4b72155345634bb
src/common/CanSched/Private/SendQueue.h;3469499fc15091cc19989ec60f28bfc66ce00d4be3fd7e79247a8181a4842135;00e4e604cade1fc803bf1753c4b72155345634bb
src/common/CanSched/Private/Types.h;0c85d256c0b902c4c782eef46cf70dabb06420ecb7852171d4e45bc3fd5c0a45;00e4e604cade1fc803bf1753c4b72155345634bb
src/common/CanSched/Srs.h;186d092332683c2d20a3c95d2b504e914d300db46253ada3d1a1fcef80ca50e5;00e4e604cade1fc803bf1753c4b72155345634bb
src/common/CanSched/Types.h;708053cce74cb098510a7c0947475c370b24e9bdfb3ca1f7931e6391bf0e83e0;00e4e604cade1fc803bf1753c4b72155345634bb
src/common/Startup/exception_vle.S;f41f3e28200864bd8aae5366a2f4a7c406a0afa56b4924f42ae5a598a263b7e5;e1cdec32e0b69a9c61c12be011e0be728150eee4
src/common/Sbc/Mc33908.c;68b06b36f0ca9880a864fd536da3f2d7a0417aed653fa34130fb4ce1a73307b0;1897e8e9a4c2fc340d7c9eba66187581036d3e51
src/common/Sbc/Mc33908.h;0954b1014fa1e0570e113dced4b49d84a6bea47dea0a3b13f7aafca2cd8ab0cd;1897e8e9a4c2fc340d7c9eba66187581036d3e51
src/common/Sbc/Sbc.h;5d79d536a73d1dd4cd2cba71dd0e2154d80c456cd915b7504fa549eda1f35786;1897e8e9a4c2fc340d7c9eba66187581036d3e51
src/common/Sbc/Window.h;a9ba520a4ffb5c418d9083770475697009cfd4ca22a207ab9410c388c9cbc9e4;1897e8e9a4c2fc340d7c9eba66187581036d3e51
src/common/Tm/Shared.c;4434a4dc7efb3b73aba95e44239997b2ec775a3421ba952e8a1b9ed82e89e6a8;6c9c4652bf8fed2927b0b47edf1391bcc827950f
src/common/Tm/Tm.dox;ca51f82728f056b77ac2ea78ae6c87d0162a171dad53a9bbcc8c73eb7243ecae;6c9c4652bf8fed2927b0b47edf1391bcc827950f
src/common/Tm/Tm.h;4f493c59c3df4587a5e668f1d9dc01bca94a71b925c08b21b92a8c9da10c6408;6c9c4652bf8fed2927b0b47edf1391bcc827950f
src/common/Tm/User.c;9579619591d5ca4bb6a7a10e83882514ce19513fff8d1cacd67eb973a6eea587;6c9c4652bf8fed2927b0b47edf1391bcc827950f
src/common/Tm/User.h;33bac06b937367529b7878c558a7ebea23158adc473479c0afa8775e9e55b5f6;6c9c4652bf8fed2927b0b47edf1391bcc827950f
src/common/PesDbg/Globals.c;29fa7e8c6ef7142eaec426524bc857afe5ea6742730d721be284b109aa41d0e4;bb40a9865931147879a6ff3f826e614f96189c69
src/common/PesDbg/Globals.h;482454dca257dda850bc6c6551cc00c19c40a25a0031c88a8a28b1a12c22f5c3;bb40a9865931147879a6ff3f826e614f96189c69
src/common/PesDbg/Proc.c;65c0d576ffd7b35556bc67c7ee4963c79222b65e431457956ef37d0c1e059d44;bb40a9865931147879a6ff3f826e614f96189c69
src/common/Eeprom/EMsgs.h;1be1f10d082b9fd4d6d399490d9a517a8e6824bfdc24fcf513955e0866392aab;31f4e9ae32042b2f991ffebb859a6a873c4363d8
src/common/Eeprom/EProc.c;f96d96fa29dc8eaca246f2447105fd5b07692491caada6be48a8a23372042580;1a50307d83deef4cf385ba7c7118a79a88092ea4
src/common/Eeprom/EProc.h;27325a110e717c7d599d166b2a2283a057dc895e13cf069f09219ebe7c082fd0;31f4e9ae32042b2f991ffebb859a6a873c4363d8
src/common/Eeprom/Types.h;601675260197dfceae386c1ffdb8eb58ac4b6d0b81d062ac983b290c07bdcb93;31f4e9ae32042b2f991ffebb859a6a873c4363d8
src/common/Eeprom/Kernel/Eeprom.c;82474ce68baa153d2e5ad23f699df68d7fca8965a4382fc49f1fae85504c71f4;31f4e9ae32042b2f991ffebb859a6a873c4363d8
src/common/Eeprom/Kernel/Eeprom.h;ede643d34e348b0c54f5f66cc012b4d0bdea30931f338928c1b1ea33bfa041dc;31f4e9ae32042b2f991ffebb859a6a873c4363d8
src/common/Startup/StartHook.h;11465ed8f237270f1a04f7351371793da19621e1c610b8431ceaf3f4a139c1dc;43cb00bd4e4c32857dadabb9840ffff5e087a42b
src/common/Startup/StartHook.c;d96b5fee8d9138fe8e413f123dc50da85fb47a1a0e12d39a9868bee1d9a00dc3;43cb00bd4e4c32857dadabb9840ffff5e087a42b
src/common/config.h;0c8ecede8560045b0ad42087a7ff16bd7526073b4d6c530ab326fb94cf559aad;7a98db97feb1fe91a7cf8f8d0f98875a1ff0320a
