<?xml version="1.0" encoding="UTF-8"?>
<MF0 version="1.1" packageUris="http://schema.mathworks.com/mf0/sl_modelref_info/R2019b">
  <ModelRefInfoRepo.ModelRefInfoRoot type="ModelRefInfoRepo.ModelRefInfoRoot" uuid="1a8d9d87-864f-4b59-b1e0-469cd4870451">
    <autoSolverStatusFlags>331</autoSolverStatusFlags>
    <childModelRefInfo type="ModelRefInfoRepo.ChildModelRefInfo" uuid="115d6361-3e17-4999-b3f3-29d71aa5ef46">
      <modelName>HandlePesRequest</modelName>
      <modelPath>HandlePesRequest</modelPath>
    </childModelRefInfo>
    <childModelRefInfo type="ModelRefInfoRepo.ChildModelRefInfo" uuid="83d69f38-99d9-4970-954d-6a8de91c18db">
      <modelName>HandlePesRequestData</modelName>
      <modelPath>HandlePesRequest:HandlePesRequestData</modelPath>
    </childModelRefInfo>
    <childModelRefInfo type="ModelRefInfoRepo.ChildModelRefInfo" uuid="302c1513-d104-4a44-9820-f1ca501c1d4f">
      <modelName>HandlePesRequestSecurity</modelName>
      <modelPath>HandlePesRequest:HandlePesRequestSecurity</modelPath>
    </childModelRefInfo>
    <dataDictionary>ScomDataDictionary.sldd</dataDictionary>
    <dataDictionarySet>ScomDataDictionary.sldd</dataDictionarySet>
    <dataDictionarySetForDataTypeCheck>ScomDataDictionary.sldd</dataDictionarySetForDataTypeCheck>
    <dataTransferInfos>AAFJTQAAAAAOAAAAOAAAAAYAAAAIAAAAAgAAAAAAAAAFAAAACAAAAAAAAAABAAAAAQAAAAAAAAAFAAQAAQAAAAEAAAAAAAAA</dataTransferInfos>
    <defaultsCMapping>{&quot;Inports&quot;:&quot;{\&quot;Name\&quot;:\&quot;Default\&quot;,\&quot;Checksum\&quot;:\&quot;Default\&quot;,\&quot;PerInstancePropertiesChecksum\&quot;:\&quot;\&quot;,\&quot;MemorySectionName\&quot;:\&quot;None\&quot;,\&quot;MemorySectionChecksum\&quot;:\&quot;None\&quot;}&quot;,&quot;Outports&quot;:&quot;{\&quot;Name\&quot;:\&quot;Default\&quot;,\&quot;Checksum\&quot;:\&quot;Default\&quot;,\&quot;PerInstancePropertiesChecksum\&quot;:\&quot;\&quot;,\&quot;MemorySectionName\&quot;:\&quot;None\&quot;,\&quot;MemorySectionChecksum\&quot;:\&quot;None\&quot;}&quot;,&quot;LocalParameters&quot;:&quot;{\&quot;Name\&quot;:\&quot;Default\&quot;,\&quot;Checksum\&quot;:\&quot;Default\&quot;,\&quot;PerInstancePropertiesChecksum\&quot;:\&quot;\&quot;,\&quot;MemorySectionName\&quot;:\&quot;None\&quot;,\&quot;MemorySectionChecksum\&quot;:\&quot;None\&quot;}&quot;,&quot;ParameterArguments&quot;:&quot;{\&quot;Name\&quot;:\&quot;Default\&quot;,\&quot;Checksum\&quot;:\&quot;Default\&quot;,\&quot;PerInstancePropertiesChecksum\&quot;:\&quot;\&quot;,\&quot;MemorySectionName\&quot;:\&quot;None\&quot;,\&quot;MemorySectionChecksum\&quot;:\&quot;None\&quot;}&quot;,&quot;GlobalParameters&quot;:&quot;{\&quot;Name\&quot;:\&quot;Default\&quot;,\&quot;Checksum\&quot;:\&quot;Default\&quot;,\&quot;PerInstancePropertiesChecksum\&quot;:\&quot;\&quot;,\&quot;MemorySectionName\&quot;:\&quot;None\&quot;,\&quot;MemorySectionChecksum\&quot;:\&quot;None\&quot;}&quot;,&quot;SharedLocalDataStores&quot;:&quot;{\&quot;Name\&quot;:\&quot;Default\&quot;,\&quot;Checksum\&quot;:\&quot;Default\&quot;,\&quot;PerInstancePropertiesChecksum\&quot;:\&quot;\&quot;,\&quot;MemorySectionName\&quot;:\&quot;None\&quot;,\&quot;MemorySectionChecksum\&quot;:\&quot;None\&quot;}&quot;,&quot;GlobalDataStores&quot;:&quot;{\&quot;Name\&quot;:\&quot;Default\&quot;,\&quot;Checksum\&quot;:\&quot;Default\&quot;,\&quot;PerInstancePropertiesChecksum\&quot;:\&quot;\&quot;,\&quot;MemorySectionName\&quot;:\&quot;None\&quot;,\&quot;MemorySectionChecksum\&quot;:\&quot;None\&quot;}&quot;,&quot;InternalData&quot;:&quot;{\&quot;Name\&quot;:\&quot;Default\&quot;,\&quot;Checksum\&quot;:\&quot;Default\&quot;,\&quot;PerInstancePropertiesChecksum\&quot;:\&quot;\&quot;,\&quot;MemorySectionName\&quot;:\&quot;None\&quot;,\&quot;MemorySectionChecksum\&quot;:\&quot;None\&quot;}&quot;,&quot;Constants&quot;:&quot;{\&quot;Name\&quot;:\&quot;Default\&quot;,\&quot;Checksum\&quot;:\&quot;Default\&quot;,\&quot;PerInstancePropertiesChecksum\&quot;:\&quot;\&quot;,\&quot;MemorySectionName\&quot;:\&quot;None\&quot;,\&quot;MemorySectionChecksum\&quot;:\&quot;None\&quot;}&quot;,&quot;DataTransfers&quot;:&quot;{\&quot;Name\&quot;:\&quot;Default\&quot;,\&quot;Checksum\&quot;:\&quot;Default\&quot;,\&quot;PerInstancePropertiesChecksum\&quot;:\&quot;\&quot;,\&quot;MemorySectionName\&quot;:\&quot;None\&quot;,\&quot;MemorySectionChecksum\&quot;:\&quot;None\&quot;}&quot;,&quot;ModelData&quot;:&quot;{\&quot;Name\&quot;:\&quot;Default\&quot;,\&quot;Checksum\&quot;:\&quot;Default\&quot;,\&quot;PerInstancePropertiesChecksum\&quot;:\&quot;\&quot;,\&quot;MemorySectionName\&quot;:\&quot;None\&quot;,\&quot;MemorySectionChecksum\&quot;:\&quot;None\&quot;}&quot;,&quot;InitializeTerminate&quot;:&quot;{\&quot;Name\&quot;:\&quot;Default\&quot;,\&quot;Checksum\&quot;:\&quot;Default\&quot;,\&quot;PerInstancePropertiesChecksum\&quot;:\&quot;\&quot;,\&quot;MemorySectionName\&quot;:\&quot;None\&quot;,\&quot;MemorySectionChecksum\&quot;:\&quot;None\&quot;}&quot;,&quot;Execution&quot;:&quot;{\&quot;Name\&quot;:\&quot;Default\&quot;,\&quot;Checksum\&quot;:\&quot;Default\&quot;,\&quot;PerInstancePropertiesChecksum\&quot;:\&quot;\&quot;,\&quot;MemorySectionName\&quot;:\&quot;None\&quot;,\&quot;MemorySectionChecksum\&quot;:\&quot;None\&quot;}&quot;,&quot;SharedUtility&quot;:&quot;{\&quot;Name\&quot;:\&quot;Default\&quot;,\&quot;Checksum\&quot;:\&quot;Default\&quot;,\&quot;PerInstancePropertiesChecksum\&quot;:\&quot;\&quot;,\&quot;MemorySectionName\&quot;:\&quot;None\&quot;,\&quot;MemorySectionChecksum\&quot;:\&quot;None\&quot;}&quot;}</defaultsCMapping>
    <fundamentalSampleTimePeriod>0.0094999999999999998</fundamentalSampleTimePeriod>
    <globalVariables>#OtpWritePcbManufacturingDateReply_B#ScomDataDictionary.sldd#</globalVariables>
    <globalVariables>#OtpWritePcbManufacturingDate_B#ScomDataDictionary.sldd#</globalVariables>
    <globalVariables>#PcbInfo_B#ScomDataDictionary.sldd#</globalVariables>
    <globalVariables>#PcbManufacturingDate_B#ScomDataDictionary.sldd#</globalVariables>
    <globalVariables>#PesDataSetPcbManufacturingDateReceived_B#ScomDataDictionary.sldd#</globalVariables>
    <globalVariables>#PesData_C#CanDataDictionary.sldd#</globalVariables>
    <globalVariables>#PesRequestNew_C#CanDataDictionary.sldd#</globalVariables>
    <globalVariables>#SP_PesDataExaminationCertificateLength#ScomDataDictionary.sldd#</globalVariables>
    <globalVariables>#SP_PesDataMissionTimeLength#ScomDataDictionary.sldd#</globalVariables>
    <globalVariables>#SP_PesDataPayloadLength#ScomDataDictionary.sldd#</globalVariables>
    <globalVariables>#SP_PesDataPcbManufacturerLength#ScomDataDictionary.sldd#</globalVariables>
    <globalVariables>#SP_PesDataPcbManufacturingDateLength#ScomDataDictionary.sldd#</globalVariables>
    <globalVariables>#SP_PesDataPcbPartNumberLength#ScomDataDictionary.sldd#</globalVariables>
    <globalVariables>#SP_PesDataSafetySystemTypeLength#ScomDataDictionary.sldd#</globalVariables>
    <globalVariables>#SP_PesDataSetPcbManufacturingDateStatusLength#CanDataDictionary.sldd#</globalVariables>
    <globalVariables>#SP_PesDataSystemManufacturerLength#ScomDataDictionary.sldd#</globalVariables>
    <globalVariables>#SP_PesData_TimeoutHeader_1p0ms#CanDataDictionary.sldd#</globalVariables>
    <globalVariables>#SP_PesData_TimeoutPayload_1p0ms#CanDataDictionary.sldd#</globalVariables>
    <globalVariables>#SP_ScomFunctionPeriod#ScomDataDictionary.sldd#</globalVariables>
    <globalVariables>#SP_SetPcbManufacturingDate_TimeoutWrite_1p0ms#ScomDataDictionary.sldd#</globalVariables>
    <globalVariables>#ScomFunctionCallConfiguration#ScomDataDictionary.sldd#</globalVariables>
    <globalVariables>#SecurityRequestCryptoChipConfigure_B#ScomDataDictionary.sldd#</globalVariables>
    <globalVariables>#SecurityRequestCryptoChipCreateKey_B#ScomDataDictionary.sldd#</globalVariables>
    <globalVariables>#SecurityRequestCryptoChipLockConfig_B#ScomDataDictionary.sldd#</globalVariables>
    <globalVariables>#SecurityRequestOtpActivate_B#ScomDataDictionary.sldd#</globalVariables>
    <globalVariables>#SimParam_TimeBaseUs#PessralPesDataDictionary.sldd#</globalVariables>
    <globalVariables>#Timebase_t#LibraryDataDictionary.sldd#</globalVariables>
    <globalVariables>#bool_t#PessralDataDictionary.sldd#</globalVariables>
    <hasBlockWithPeriodicDiscreteSampleTime>true</hasBlockWithPeriodicDiscreteSampleTime>
    <hasNonVirtualConstantTs>true</hasNonVirtualConstantTs>
    <hasStatesModifiedInOutputUpdate>true</hasStatesModifiedInOutputUpdate>
    <inlinedVariables>#SP_PesDataExaminationCertificateLength#ScomDataDictionary.sldd#</inlinedVariables>
    <inlinedVariables>#SP_PesDataMissionTimeLength#ScomDataDictionary.sldd#</inlinedVariables>
    <inlinedVariables>#SP_PesDataPayloadLength#ScomDataDictionary.sldd#</inlinedVariables>
    <inlinedVariables>#SP_PesDataPcbManufacturerLength#ScomDataDictionary.sldd#</inlinedVariables>
    <inlinedVariables>#SP_PesDataPcbManufacturingDateLength#ScomDataDictionary.sldd#</inlinedVariables>
    <inlinedVariables>#SP_PesDataPcbPartNumberLength#ScomDataDictionary.sldd#</inlinedVariables>
    <inlinedVariables>#SP_PesDataSafetySystemTypeLength#ScomDataDictionary.sldd#</inlinedVariables>
    <inlinedVariables>#SP_PesDataSetPcbManufacturingDateStatusLength#CanDataDictionary.sldd#</inlinedVariables>
    <inlinedVariables>#SP_PesDataSystemManufacturerLength#ScomDataDictionary.sldd#</inlinedVariables>
    <inlinedVariables>#SP_PesData_TimeoutHeader_1p0ms#CanDataDictionary.sldd#</inlinedVariables>
    <inlinedVariables>#SP_PesData_TimeoutPayload_1p0ms#CanDataDictionary.sldd#</inlinedVariables>
    <inlinedVariables>#SP_ScomFunctionPeriod#ScomDataDictionary.sldd#</inlinedVariables>
    <inlinedVariables>#SP_SetPcbManufacturingDate_TimeoutWrite_1p0ms#ScomDataDictionary.sldd#</inlinedVariables>
    <inlinedVariables>#SimParam_TimeBaseUs#PessralPesDataDictionary.sldd#</inlinedVariables>
    <inports type="ModelRefInfoRepo.InportInformation" uuid="09f7883c-0a64-4c35-a2ef-282262c7b0cc">
      <isNotDerivPort>true</isNotDerivPort>
      <designMax>inf</designMax>
      <designMin>-inf</designMin>
      <indexType>2</indexType>
      <rateInfo type="ModelRefInfoRepo.RateInfo">
        <compiled>true</compiled>
        <nonFcnCallPartitionName>D1</nonFcnCallPartitionName>
        <period>0.0094999999999999998</period>
        <priority>40</priority>
        <rateIdx>0</rateIdx>
      </rateInfo>
      <resolvedSignalObject></resolvedSignalObject>
      <sigNameToEMVCEMap type="ModelRefInfoRepo.SigNameEMVCEInfo" uuid="55efb317-dfa5-4dcf-929e-c236b8522ab3"/>
    </inports>
    <inports type="ModelRefInfoRepo.InportInformation" uuid="48292fb1-d5f0-4c71-8ac9-55b9696ceeff">
      <isNotDerivPort>true</isNotDerivPort>
      <designMax>inf</designMax>
      <designMin>-inf</designMin>
      <indexType>2</indexType>
      <originalPortNumber>1</originalPortNumber>
      <rateInfo type="ModelRefInfoRepo.RateInfo">
        <compiled>true</compiled>
        <nonFcnCallPartitionName>D1</nonFcnCallPartitionName>
        <period>0.0094999999999999998</period>
        <priority>40</priority>
        <rateIdx>0</rateIdx>
      </rateInfo>
      <resolvedSignalObject></resolvedSignalObject>
      <sigNameToEMVCEMap type="ModelRefInfoRepo.SigNameEMVCEInfo" uuid="f4660ea6-b461-4f4e-86b1-20acda42c641"/>
    </inports>
    <inports type="ModelRefInfoRepo.InportInformation" uuid="ae3537da-d5ce-417c-a789-66cddebaf9d1">
      <isNotDerivPort>true</isNotDerivPort>
      <designMax>inf</designMax>
      <designMin>-inf</designMin>
      <indexType>2</indexType>
      <originalPortNumber>2</originalPortNumber>
      <rateInfo type="ModelRefInfoRepo.RateInfo">
        <compiled>true</compiled>
        <nonFcnCallPartitionName>D1</nonFcnCallPartitionName>
        <period>0.0094999999999999998</period>
        <priority>40</priority>
        <rateIdx>0</rateIdx>
      </rateInfo>
      <resolvedSignalObject></resolvedSignalObject>
      <sigNameToEMVCEMap type="ModelRefInfoRepo.SigNameEMVCEInfo" uuid="d798c5f3-3bee-4291-9129-4bf8a44ee22e"/>
    </inports>
    <inports type="ModelRefInfoRepo.InportInformation" uuid="412380d9-fe06-447f-aca3-725d71b70556">
      <isNotDerivPort>true</isNotDerivPort>
      <designMax>inf</designMax>
      <designMin>-inf</designMin>
      <indexType>2</indexType>
      <originalPortNumber>3</originalPortNumber>
      <rateInfo type="ModelRefInfoRepo.RateInfo">
        <compiled>true</compiled>
        <nonFcnCallPartitionName>D1</nonFcnCallPartitionName>
        <period>0.0094999999999999998</period>
        <priority>40</priority>
        <rateIdx>0</rateIdx>
      </rateInfo>
      <resolvedSignalObject></resolvedSignalObject>
      <sigNameToEMVCEMap type="ModelRefInfoRepo.SigNameEMVCEInfo" uuid="f14a79f4-25fe-4506-bb4a-4a6e06aedac9"/>
    </inports>
    <inports type="ModelRefInfoRepo.InportInformation" uuid="ec49ae8f-1881-4b6a-af3f-2d1555a17fc8">
      <isNotDerivPort>true</isNotDerivPort>
      <designMax>inf</designMax>
      <designMin>-inf</designMin>
      <indexType>2</indexType>
      <originalPortNumber>4</originalPortNumber>
      <rateInfo type="ModelRefInfoRepo.RateInfo">
        <compiled>true</compiled>
        <nonFcnCallPartitionName>D1</nonFcnCallPartitionName>
        <period>0.0094999999999999998</period>
        <priority>40</priority>
        <rateIdx>0</rateIdx>
      </rateInfo>
      <resolvedSignalObject></resolvedSignalObject>
      <sigNameToEMVCEMap type="ModelRefInfoRepo.SigNameEMVCEInfo" uuid="dcaa8f1e-7794-4527-848f-fe68a69f15fc"/>
    </inports>
    <isInlineParamsOn>true</isInlineParamsOn>
    <isOrigInportVirtualBus>false</isOrigInportVirtualBus>
    <isOrigInportVirtualBus>false</isOrigInportVirtualBus>
    <isOrigInportVirtualBus>false</isOrigInportVirtualBus>
    <isOrigInportVirtualBus>false</isOrigInportVirtualBus>
    <isOrigInportVirtualBus>false</isOrigInportVirtualBus>
    <isOrigOutportVirtualBus>false</isOrigOutportVirtualBus>
    <isOrigOutportVirtualBus>false</isOrigOutportVirtualBus>
    <isOrigOutportVirtualBus>false</isOrigOutportVirtualBus>
    <isOrigOutportVirtualBus>false</isOrigOutportVirtualBus>
    <isOrigOutportVirtualBus>false</isOrigOutportVirtualBus>
    <isOrigOutportVirtualBus>false</isOrigOutportVirtualBus>
    <isOrigOutportVirtualBus>false</isOrigOutportVirtualBus>
    <isPreCompSingleRate>false</isPreCompSingleRate>
    <isRefModelConstant>false</isRefModelConstant>
    <loggingSaveFormat>2</loggingSaveFormat>
    <maxFreqHz>-1</maxFreqHz>
    <origInportBusType>PesRequestNew_C</origInportBusType>
    <origInportBusType>PesDataSetPcbManufacturingDateReceived_B</origInportBusType>
    <origInportBusType>PcbInfo_B</origInportBusType>
    <origInportBusType>OtpWritePcbManufacturingDateReply_B</origInportBusType>
    <origInportBusType></origInportBusType>
    <origOutportBusOutputAsStruct>true</origOutportBusOutputAsStruct>
    <origOutportBusOutputAsStruct>true</origOutportBusOutputAsStruct>
    <origOutportBusOutputAsStruct>true</origOutportBusOutputAsStruct>
    <origOutportBusOutputAsStruct>true</origOutportBusOutputAsStruct>
    <origOutportBusOutputAsStruct>true</origOutportBusOutputAsStruct>
    <origOutportBusOutputAsStruct>true</origOutportBusOutputAsStruct>
    <origOutportBusOutputAsStruct>false</origOutportBusOutputAsStruct>
    <origOutportBusType>PesData_C</origOutportBusType>
    <origOutportBusType>SecurityRequestCryptoChipConfigure_B</origOutportBusType>
    <origOutportBusType>SecurityRequestCryptoChipCreateKey_B</origOutportBusType>
    <origOutportBusType>SecurityRequestCryptoChipLockConfig_B</origOutportBusType>
    <origOutportBusType>SecurityRequestOtpActivate_B</origOutportBusType>
    <origOutportBusType>OtpWritePcbManufacturingDate_B</origOutportBusType>
    <origOutportBusType></origOutportBusType>
    <outports type="ModelRefInfoRepo.OutportInformation" uuid="01f245cd-7784-47f4-808c-04b7c8f6901d">
      <RTWSignalIdentifier>PesData</RTWSignalIdentifier>
      <designMax>inf</designMax>
      <designMin>-inf</designMin>
      <indexType>2</indexType>
      <rateInfo type="ModelRefInfoRepo.RateInfo">
        <compiled>true</compiled>
        <nonFcnCallPartitionName>D1</nonFcnCallPartitionName>
        <period>0.0094999999999999998</period>
        <priority>40</priority>
        <rateIdx>0</rateIdx>
      </rateInfo>
      <resolvedSignalObject></resolvedSignalObject>
      <sigNameToEMVCEMap type="ModelRefInfoRepo.SigNameEMVCEInfo" uuid="537e7c48-ada4-476e-bd11-69442dc6a2ad"/>
    </outports>
    <outports type="ModelRefInfoRepo.OutportInformation" uuid="2ea6fd9c-b0fd-48f1-80dd-8d1f800851ab">
      <RTWSignalIdentifier>SecurityRequestCryptoChipConfigure</RTWSignalIdentifier>
      <designMax>inf</designMax>
      <designMin>-inf</designMin>
      <indexType>2</indexType>
      <originalPortNumber>1</originalPortNumber>
      <rateInfo type="ModelRefInfoRepo.RateInfo">
        <compiled>true</compiled>
        <nonFcnCallPartitionName>D1</nonFcnCallPartitionName>
        <period>0.0094999999999999998</period>
        <priority>40</priority>
        <rateIdx>0</rateIdx>
      </rateInfo>
      <resolvedSignalObject></resolvedSignalObject>
      <sigNameToEMVCEMap type="ModelRefInfoRepo.SigNameEMVCEInfo" uuid="d78ff971-616a-4498-963b-0e97f0361344"/>
    </outports>
    <outports type="ModelRefInfoRepo.OutportInformation" uuid="bda893ed-d5a2-467e-858f-70b12d22a003">
      <RTWSignalIdentifier>SecurityRequestCryptoChipCreateKey</RTWSignalIdentifier>
      <designMax>inf</designMax>
      <designMin>-inf</designMin>
      <indexType>2</indexType>
      <originalPortNumber>2</originalPortNumber>
      <rateInfo type="ModelRefInfoRepo.RateInfo">
        <compiled>true</compiled>
        <nonFcnCallPartitionName>D1</nonFcnCallPartitionName>
        <period>0.0094999999999999998</period>
        <priority>40</priority>
        <rateIdx>0</rateIdx>
      </rateInfo>
      <resolvedSignalObject></resolvedSignalObject>
      <sigNameToEMVCEMap type="ModelRefInfoRepo.SigNameEMVCEInfo" uuid="e6e97321-3dde-4e1a-b274-8018cf00db2c"/>
    </outports>
    <outports type="ModelRefInfoRepo.OutportInformation" uuid="96177213-3d2f-48c8-bbdf-09958cf351fe">
      <RTWSignalIdentifier>SecurityRequestCryptoChipLockConfig</RTWSignalIdentifier>
      <designMax>inf</designMax>
      <designMin>-inf</designMin>
      <indexType>2</indexType>
      <originalPortNumber>3</originalPortNumber>
      <rateInfo type="ModelRefInfoRepo.RateInfo">
        <compiled>true</compiled>
        <nonFcnCallPartitionName>D1</nonFcnCallPartitionName>
        <period>0.0094999999999999998</period>
        <priority>40</priority>
        <rateIdx>0</rateIdx>
      </rateInfo>
      <resolvedSignalObject></resolvedSignalObject>
      <sigNameToEMVCEMap type="ModelRefInfoRepo.SigNameEMVCEInfo" uuid="f852f17f-4b64-4d3b-933b-fdf055695583"/>
    </outports>
    <outports type="ModelRefInfoRepo.OutportInformation" uuid="aa6043c6-ce12-49d2-a894-d7317d0a018b">
      <RTWSignalIdentifier>SecurityRequestOtpActivate</RTWSignalIdentifier>
      <designMax>inf</designMax>
      <designMin>-inf</designMin>
      <indexType>2</indexType>
      <originalPortNumber>4</originalPortNumber>
      <rateInfo type="ModelRefInfoRepo.RateInfo">
        <compiled>true</compiled>
        <nonFcnCallPartitionName>D1</nonFcnCallPartitionName>
        <period>0.0094999999999999998</period>
        <priority>40</priority>
        <rateIdx>0</rateIdx>
      </rateInfo>
      <resolvedSignalObject></resolvedSignalObject>
      <sigNameToEMVCEMap type="ModelRefInfoRepo.SigNameEMVCEInfo" uuid="17ad37d0-e6e0-49f4-a953-05898b9eda35"/>
    </outports>
    <outports type="ModelRefInfoRepo.OutportInformation" uuid="3373c815-3245-49c2-b82d-eba291cb13c2">
      <RTWSignalIdentifier>OtpWritePcbManufacturingDate</RTWSignalIdentifier>
      <designMax>inf</designMax>
      <designMin>-inf</designMin>
      <indexType>2</indexType>
      <originalPortNumber>5</originalPortNumber>
      <rateInfo type="ModelRefInfoRepo.RateInfo">
        <compiled>true</compiled>
        <nonFcnCallPartitionName>D1</nonFcnCallPartitionName>
        <period>0.0094999999999999998</period>
        <priority>40</priority>
        <rateIdx>0</rateIdx>
      </rateInfo>
      <resolvedSignalObject></resolvedSignalObject>
      <sigNameToEMVCEMap type="ModelRefInfoRepo.SigNameEMVCEInfo" uuid="b7bef96a-1cd6-43cc-bf6e-80e67f67231f"/>
    </outports>
    <outports type="ModelRefInfoRepo.OutportInformation" uuid="879c0863-0609-4aca-af1e-510dee16f69b">
      <computeICInFirstInitialize>true</computeICInFirstInitialize>
      <hasSystemInitMethod>true</hasSystemInitMethod>
      <RTWSignalIdentifier>waitForPesDataSetPcbManufacturingDateFromConfigurationMaster</RTWSignalIdentifier>
      <designMax>inf</designMax>
      <designMin>-inf</designMin>
      <indexType>2</indexType>
      <originalPortNumber>6</originalPortNumber>
      <rateInfo type="ModelRefInfoRepo.RateInfo">
        <compiled>true</compiled>
        <nonFcnCallPartitionName>D1</nonFcnCallPartitionName>
        <period>0.0094999999999999998</period>
        <priority>40</priority>
        <rateIdx>0</rateIdx>
      </rateInfo>
      <resolvedSignalObject></resolvedSignalObject>
      <sigNameToEMVCEMap type="ModelRefInfoRepo.SigNameEMVCEInfo" uuid="811ee97d-2808-4968-8ea7-bfd8c269df76"/>
    </outports>
    <preCompAllowConstTsOnPorts>false</preCompAllowConstTsOnPorts>
    <preCompAllowPortBasedInTriggeredSS>false</preCompAllowPortBasedInTriggeredSS>
    <removeResetFunc>true</removeResetFunc>
    <runtimeNonFcnCallRateInfos type="ModelRefInfoRepo.RateInfo">
      <compiled>true</compiled>
      <nonFcnCallPartitionName>D1</nonFcnCallPartitionName>
      <period>0.0094999999999999998</period>
      <priority>40</priority>
      <rateIdx>0</rateIdx>
    </runtimeNonFcnCallRateInfos>
    <sampleTimeInheritanceRule>2</sampleTimeInheritanceRule>
    <timingAndTaskingRegistry>&lt;?xml version=&quot;1.0&quot;?&gt;
&lt;slexec_sto version=&quot;1.1&quot; packageUris=&quot;http://schema.mathworks.com/mf0/slexec_mm_sto/R2019b_201902271317&quot;&gt;
  &lt;sto.Registry type=&quot;sto.Registry&quot; uuid=&quot;509e2202-8443-49af-bac5-aa4cc546d719&quot;&gt;
    &lt;clocks type=&quot;sto.Timer&quot; uuid=&quot;3a29611d-28d2-46bf-a052-9f1a640f56f9&quot;&gt;
      &lt;needsToProvideTimeDuringExecution&gt;true&lt;/needsToProvideTimeDuringExecution&gt;
      &lt;clockTickConstraint&gt;PeriodicWithFixedResolution&lt;/clockTickConstraint&gt;
      &lt;resolution&gt;0.0094999999999999998&lt;/resolution&gt;
      &lt;timeAdvanceMode&gt;FixedStep&lt;/timeAdvanceMode&gt;
      &lt;clockDomain type=&quot;sto.ClockDomain&quot; uuid=&quot;ac1f15b5-dbc1-4d3f-8445-2df9c8220e3c&quot;&gt;
        &lt;baseTaskID&gt;_task0&lt;/baseTaskID&gt;
        &lt;computedFundamentalStepSize&gt;0.0094999999999999998&lt;/computedFundamentalStepSize&gt;
        &lt;rates type=&quot;sto.Rate&quot; uuid=&quot;d4bfc69b-2503-4cb0-b48f-76518957ecac&quot;/&gt;
        &lt;rates type=&quot;sto.Rate&quot; uuid=&quot;f8fe4ef7-461f-4f37-a511-5fec3f9ee5d7&quot;/&gt;
        &lt;rootTaskHierarchyElements type=&quot;sto.Task&quot; uuid=&quot;86902ea8-f1d3-45a7-919a-4db76ceecda8&quot;&gt;
          &lt;isExecutable&gt;true&lt;/isExecutable&gt;
          &lt;orderIndex&gt;1&lt;/orderIndex&gt;
          &lt;rates type=&quot;sto.Rate&quot; uuid=&quot;d4bfc69b-2503-4cb0-b48f-76518957ecac&quot;&gt;
            &lt;annotation&gt;FiM&lt;/annotation&gt;
            &lt;colorIndex&gt;8&lt;/colorIndex&gt;
            &lt;description&gt;Fixed in Minor Step&lt;/description&gt;
            &lt;eventSourceType&gt;UNSPECIFIED_EVENT_SOURCE&lt;/eventSourceType&gt;
            &lt;rateIDX&gt;-1&lt;/rateIDX&gt;
            &lt;registry type=&quot;sto.Registry&quot; uuid=&quot;509e2202-8443-49af-bac5-aa4cc546d719&quot;/&gt;
            &lt;taskId&gt;_task0&lt;/taskId&gt;
            &lt;useForExecution&gt;NotForExecution&lt;/useForExecution&gt;
            &lt;rateSpec type=&quot;sto.RateSpec&quot; uuid=&quot;dfb6618d-eb1c-4322-ad75-3f86128580c6&quot;&gt;
              &lt;offset&gt;1&lt;/offset&gt;
              &lt;rateType&gt;ZOHContinuous&lt;/rateType&gt;
            &lt;/rateSpec&gt;
          &lt;/rates&gt;
          &lt;rates type=&quot;sto.Rate&quot; uuid=&quot;f8fe4ef7-461f-4f37-a511-5fec3f9ee5d7&quot;&gt;
            &lt;annotation&gt;D1&lt;/annotation&gt;
            &lt;colorIndex&gt;2&lt;/colorIndex&gt;
            &lt;description&gt;Discrete 1&lt;/description&gt;
            &lt;eventSourceType&gt;UNSPECIFIED_EVENT_SOURCE&lt;/eventSourceType&gt;
            &lt;registry type=&quot;sto.Registry&quot; uuid=&quot;509e2202-8443-49af-bac5-aa4cc546d719&quot;/&gt;
            &lt;taskId&gt;_task0&lt;/taskId&gt;
            &lt;rateSpec type=&quot;sto.RateSpec&quot; uuid=&quot;1d69f06d-3742-46de-8fee-5ac98c9c5a2a&quot;&gt;
              &lt;period&gt;0.0094999999999999998&lt;/period&gt;
              &lt;rateType&gt;ClassicPeriodicDiscrete&lt;/rateType&gt;
            &lt;/rateSpec&gt;
          &lt;/rates&gt;
          &lt;elementType&gt;Task&lt;/elementType&gt;
          &lt;identifier&gt;_task0&lt;/identifier&gt;
          &lt;priority&gt;40&lt;/priority&gt;
        &lt;/rootTaskHierarchyElements&gt;
      &lt;/clockDomain&gt;
    &lt;/clocks&gt;
    &lt;clocks type=&quot;sto.Event&quot; uuid=&quot;03b50b67-466c-4b6d-aea6-3310750a5d54&quot;&gt;
      &lt;eventType&gt;PARAMETER_CHANGE_EVENT&lt;/eventType&gt;
      &lt;cNum&gt;1&lt;/cNum&gt;
      &lt;clockType&gt;Event&lt;/clockType&gt;
      &lt;identifier&gt;ParameterChangeEvent&lt;/identifier&gt;
      &lt;resolution&gt;-1&lt;/resolution&gt;
      &lt;specifiedTaskingMode&gt;ExplicitTasking&lt;/specifiedTaskingMode&gt;
      &lt;timeAdvanceMode&gt;None&lt;/timeAdvanceMode&gt;
      &lt;clockDomain type=&quot;sto.ClockDomain&quot; uuid=&quot;20cc623f-a88d-4f29-b690-f57ffa859ccf&quot;&gt;
        &lt;computedFundamentalStepSize&gt;-1&lt;/computedFundamentalStepSize&gt;
        &lt;rates type=&quot;sto.Rate&quot; uuid=&quot;df16a2f4-621d-4586-84b2-9f9cb02c9d34&quot;/&gt;
        &lt;rootTaskHierarchyElements type=&quot;sto.Task&quot; uuid=&quot;7bd84d63-cf13-41fe-9790-b4bc132c7f89&quot;&gt;
          &lt;isExplicit&gt;true&lt;/isExplicit&gt;
          &lt;rates type=&quot;sto.Rate&quot; uuid=&quot;df16a2f4-621d-4586-84b2-9f9cb02c9d34&quot;&gt;
            &lt;eventSourceType&gt;PARAMETER_CHANGE_EVENT&lt;/eventSourceType&gt;
            &lt;rateIDX&gt;-1&lt;/rateIDX&gt;
            &lt;registry type=&quot;sto.Registry&quot; uuid=&quot;509e2202-8443-49af-bac5-aa4cc546d719&quot;/&gt;
            &lt;stringID&gt;ParameterChangeEvent&lt;/stringID&gt;
            &lt;taskId&gt;ModelWideParameterChangeEvent&lt;/taskId&gt;
            &lt;useForExecution&gt;NotForExecution&lt;/useForExecution&gt;
            &lt;rateSpec type=&quot;sto.RateSpec&quot; uuid=&quot;ee02aa6f-2ee5-411d-9e37-b2bdb6a47abc&quot;&gt;
              &lt;period&gt;inf&lt;/period&gt;
              &lt;rateType&gt;ModelWideParameterChangeEvent&lt;/rateType&gt;
            &lt;/rateSpec&gt;
          &lt;/rates&gt;
          &lt;tNum&gt;1&lt;/tNum&gt;
          &lt;elementType&gt;Task&lt;/elementType&gt;
          &lt;identifier&gt;ModelWideParameterChangeEvent&lt;/identifier&gt;
          &lt;priority&gt;-1&lt;/priority&gt;
          &lt;schedulingClockID&gt;ParameterChangeEvent&lt;/schedulingClockID&gt;
        &lt;/rootTaskHierarchyElements&gt;
      &lt;/clockDomain&gt;
    &lt;/clocks&gt;
    &lt;clocks type=&quot;sto.Event&quot; uuid=&quot;ea8e44ac-b375-43f3-b7e8-b0fd7f937f3e&quot;&gt;
      &lt;eventType&gt;UNSPECIFIED_EVENT_SOURCE&lt;/eventType&gt;
      &lt;cNum&gt;2&lt;/cNum&gt;
      &lt;clockType&gt;Event&lt;/clockType&gt;
      &lt;identifier&gt;NonTunableParameterChangeEvent&lt;/identifier&gt;
      &lt;resolution&gt;-1&lt;/resolution&gt;
      &lt;specifiedTaskingMode&gt;ExplicitTasking&lt;/specifiedTaskingMode&gt;
      &lt;timeAdvanceMode&gt;None&lt;/timeAdvanceMode&gt;
      &lt;clockDomain type=&quot;sto.ClockDomain&quot; uuid=&quot;9b3f158e-c533-4e96-ab80-169e999ba3a4&quot;&gt;
        &lt;computedFundamentalStepSize&gt;-1&lt;/computedFundamentalStepSize&gt;
      &lt;/clockDomain&gt;
    &lt;/clocks&gt;
    &lt;executionSpec&gt;Undetermined&lt;/executionSpec&gt;
    &lt;hasUnknownEdges&gt;true&lt;/hasUnknownEdges&gt;
    &lt;taskDependencyGraph type=&quot;sto.SerializedTaskConnectionList&quot; uuid=&quot;4e68fa7c-fd0c-4201-a0de-f22210ba56c9&quot;&gt;
      &lt;taskIdentifier&gt;_task0&lt;/taskIdentifier&gt;
    &lt;/taskDependencyGraph&gt;
    &lt;taskDependencyGraph type=&quot;sto.SerializedTaskConnectionList&quot; uuid=&quot;372558ef-a8d2-4330-9c78-66cd09173dc1&quot;&gt;
      &lt;clockIdentifier&gt;ParameterChangeEvent&lt;/clockIdentifier&gt;
      &lt;taskIdentifier&gt;ModelWideParameterChangeEvent&lt;/taskIdentifier&gt;
    &lt;/taskDependencyGraph&gt;
    &lt;taskPriorityDirection&gt;HighNumberLast&lt;/taskPriorityDirection&gt;
    &lt;tasks type=&quot;sto.Task&quot; uuid=&quot;86902ea8-f1d3-45a7-919a-4db76ceecda8&quot;/&gt;
    &lt;tasks type=&quot;sto.Task&quot; uuid=&quot;7bd84d63-cf13-41fe-9790-b4bc132c7f89&quot;/&gt;
    &lt;timeAdvanceMode&gt;FixedStep&lt;/timeAdvanceMode&gt;
  &lt;/sto.Registry&gt;
&lt;/slexec_sto&gt;</timingAndTaskingRegistry>
    <usePortBasedSampleTime>true</usePortBasedSampleTime>
    <zeroInternalMemoryAtStartupUnchecked>true</zeroInternalMemoryAtStartupUnchecked>
    <FMUBlockMap type="ModelRefInfoRepo.FMUBlockInfo" uuid="9f787302-1c8b-47dc-bb81-ec1f0c1ae014"/>
    <codeGenInfo type="ModelRefInfoRepo.CodeGenInformation" uuid="acb659f3-8946-4c83-9405-9943b94392b1">
      <DWorkTypeName>MdlrefDW_HandlePesRequest_T</DWorkTypeName>
    </codeGenInfo>
    <configSettingsForConsistencyChecks type="ModelRefInfoRepo.ConfigSettingsForConsistencyChecks" uuid="74bc0432-e2b6-4316-89f5-cdb2ae9af3ee">
      <consistentOutportInitialization>true</consistentOutportInitialization>
      <fixedStepSize>0.0094999999999999998</fixedStepSize>
      <frameDiagnosticSetting>2</frameDiagnosticSetting>
      <hasHybridSampleTime>true</hasHybridSampleTime>
      <optimizedInitCode>true</optimizedInitCode>
      <signalLoggingSaveFormat>2</signalLoggingSaveFormat>
      <solverName>FixedStepDiscrete</solverName>
      <solverType>SOLVER_TYPE_FIXEDSTEP</solverType>
      <useDivForNetSlopComp>2</useDivForNetSlopComp>
      <hardwareSettings type="ModelRefInfoRepo.HardwareSettings" uuid="2fe3eac5-09c6-493e-b8a0-86b116e0de6e">
        <prodBitPerChar>8</prodBitPerChar>
        <prodBitPerDouble>64</prodBitPerDouble>
        <prodBitPerFloat>32</prodBitPerFloat>
        <prodBitPerInt>32</prodBitPerInt>
        <prodBitPerLong>32</prodBitPerLong>
        <prodBitPerLongLong>64</prodBitPerLongLong>
        <prodBitPerPointer>32</prodBitPerPointer>
        <prodBitPerPtrDiffT>32</prodBitPerPtrDiffT>
        <prodBitPerShort>16</prodBitPerShort>
        <prodBitPerSizeT>32</prodBitPerSizeT>
        <prodEndianess>2</prodEndianess>
        <prodLargestAtomicFloat>1</prodLargestAtomicFloat>
        <prodLargestAtomicInteger>3</prodLargestAtomicInteger>
        <prodLongLongMode>true</prodLongLongMode>
        <prodShiftRight>true</prodShiftRight>
        <prodWordSize>32</prodWordSize>
      </hardwareSettings>
    </configSettingsForConsistencyChecks>
    <dataPortGroup type="ModelRefInfoRepo.DataPortGroup" uuid="b885bc32-7dc6-49e1-acd9-a3239140186f">
      <dataInputPorts>0</dataInputPorts>
      <dataInputPorts>1</dataInputPorts>
      <dataInputPorts>2</dataInputPorts>
      <dataInputPorts>3</dataInputPorts>
      <dataInputPorts>4</dataInputPorts>
      <dataOutputPorts>0</dataOutputPorts>
      <dataOutputPorts>1</dataOutputPorts>
      <dataOutputPorts>2</dataOutputPorts>
      <dataOutputPorts>3</dataOutputPorts>
      <dataOutputPorts>4</dataOutputPorts>
      <dataOutputPorts>5</dataOutputPorts>
      <dataOutputPorts>6</dataOutputPorts>
    </dataPortGroup>
    <interfaceParameterInfo type="ModelRefInfoRepo.InterfaceParameterInfo" uuid="370a3b81-2ba6-4ec3-b03d-1dd41285c5ad"/>
    <messageInfo type="ModelRefInfoRepo.MessageInformation" uuid="794043bc-5edd-4844-b947-aec52f2c0c5e"/>
    <methodInfo type="ModelRefInfoRepo.MethodExistenceInfo" uuid="00d27d42-a6cf-4dfe-9de2-92c0eb586b76">
      <hasSystemInitializeMethod>true</hasSystemInitializeMethod>
      <hasSystemResetMethod>true</hasSystemResetMethod>
      <hasTerminateMethod>true</hasTerminateMethod>
      <hasUpdateMethod>true</hasUpdateMethod>
    </methodInfo>
    <periodicEventPortUnsupportedBlockInfo type="ModelRefInfoRepo.PeriodicEventPortUnsupportedBlockInfo" uuid="ee6f22ad-5fbb-4387-996e-291d2c85dd6b"/>
    <portGroupsRequireSameRate type="ModelRefInfoRepo.PortGroupsRequireSameRate" uuid="15b2292d-2fe4-45f5-a0ef-52a9a9758e03">
      <DSMPortGroups type="ModelRefInfoRepo.NameToPortGroupIdxVectMap" uuid="4d417bcb-af82-44aa-a644-55214623717f"/>
      <GlobalDSMPortGroups type="ModelRefInfoRepo.NameToPortGroupIdxVectMap" uuid="c35f92b9-8532-40aa-9233-deb596bbd3e3"/>
      <mergedPortGroups type="ModelRefInfoRepo.NameToPortGroupIdxVectMap" uuid="0ddf1cb2-0d71-4896-bfef-aa0ecd4fd858"/>
    </portGroupsRequireSameRate>
    <rateSpecOfGlobalDSMAccessedByDescExpFcnMdlMap type="ModelRefInfoRepo.GlobalDSMRateSpecMap" uuid="15e53017-d392-418c-a132-10b6b7ec5ce5"/>
    <simulinkFunctions type="ModelRefInfoRepo.SimulinkFunctions" uuid="82fd99f3-5cdb-45e7-bdd5-2b488d0b0b08">
      <compSimulinkFunctionCatalog></compSimulinkFunctionCatalog>
      <variantSimulinkFunctions type="ModelRefInfoRepo.VariantSimulinkFunctions" uuid="e6010e7f-aff2-47d0-a221-fc500ce4f00f"/>
    </simulinkFunctions>
    <stateWriterToOwnerMap type="ModelRefInfoRepo.StateWriterInfo" uuid="b5764302-452d-4c5c-913c-dcc23f6b9c45"/>
    <varTsUIDMap type="ModelRefInfoRepo.VarTsUIDMap" uuid="b065ba08-2127-473d-b397-17296344c533"/>
  </ModelRefInfoRepo.ModelRefInfoRoot>
</MF0>