<?xml version="1.0" encoding="UTF-8" standalone="no"?>
<project>
	<configuration id="com.windriver.cdt.diab.toolChain.exe.balanced.1911205453" name="Balanced">
		<extension point="org.eclipse.cdt.core.LanguageSettingsProvider">
			<provider class="org.eclipse.cdt.core.language.settings.providers.LanguageSettingsGenericProvider" id="org.eclipse.cdt.ui.UserLanguageSettingsProvider" name="CDT User Setting Entries" prefer-non-shared="true" store-entries-with-project="true">
				<language id="com.windriver.cdt.build.diab.core.c">
					<resource project-relative-path="">
						<entry kind="includePath" name="/${ProjName}/sub/subcommon/src">
							<flag value="LOCAL|VALUE_WORKSPACE_PATH"/>
						</entry>
						<entry kind="includePath" name="/${ProjName}/codegen">
							<flag value="LOCAL|VALUE_WORKSPACE_PATH"/>
						</entry>
						<entry kind="includePath" name="/${ProjName}/sub/common/sub/subcommon/sub/sciopta/include">
							<flag value="VALUE_WORKSPACE_PATH"/>
						</entry>
						<entry kind="includePath" name="/${ProjName}/src/sub/common/sub/subcommon/sub/include/sciopta/ppc">
							<flag value="VALUE_WORKSPACE_PATH"/>
						</entry>
						<entry kind="includePath" name="/${ProjName}/src/sub/common/sub/subcommon/sub/bsp/ppc/include">
							<flag value="VALUE_WORKSPACE_PATH"/>
						</entry>
						<entry kind="includePath" name="/${ProjName}/src/sub/common/sub/subcommon/sub/bsp/ppc/mpc5xxx/include">
							<flag value="VALUE_WORKSPACE_PATH"/>
						</entry>
						<entry kind="includePath" name="/${ProjName}/build/generated">
							<flag value="LOCAL|VALUE_WORKSPACE_PATH"/>
						</entry>
						<entry kind="includePath" name="C:\WindRiver\diab\5.9.4.7\include"/>
						<entry kind="includePath" name="C:\WindRiver\diab\5.9.4.7\include\cnew"/>
						<entry kind="includePath" name="/${ProjName}/src/pcb">
							<flag value="VALUE_WORKSPACE_PATH"/>
						</entry>
						<entry kind="includePath" name="/${ProjName}/src/common">
							<flag value="LOCAL|VALUE_WORKSPACE_PATH"/>
						</entry>
					</resource>
				</language>
			</provider>
		</extension>
	</configuration>
</project>
